harm_one,harm_two,harm_three,harm_four,harm_five,label
0.409972393,0.260472537,0.230748757,0.084533775,0.014272539,0
0.336729726,0.36954596,0.142700042,0.084085032,0.066939239,0
0.298247223,0.454187831,0.12189007,0.045441711,0.080233166,0
0.281130037,0.452330365,0.115088687,0.075685089,0.075765822,0
0.303831382,0.435869165,0.091975423,0.111722681,0.056601349,0
0.290037629,0.474072444,0.0522967,0.132071836,0.051521391,0
0.333434235,0.426915461,0.042986822,0.151163471,0.045500012,0
0.388604264,0.350084786,0.071555453,0.161450217,0.02830528,0
0.337239307,0.345483808,0.113831866,0.18482858,0.018616439,0
0.432914516,0.276703532,0.126124031,0.151118165,0.013139756,0
0.474082929,0.23602972,0.154888011,0.123659853,0.011339488,0
0.414148547,0.165511397,0.243006268,0.14180511,0.035528678,0
0.333496389,0.305109446,0.21007948,0.128397523,0.022917162,0
0.351686273,0.283228697,0.219381782,0.12105073,0.024652517999999998,0
0.447600338,0.208941106,0.199103817,0.112335966,0.032018773,0
0.441604876,0.275807382,0.176589303,0.080663496,0.025334944,0
0.57417279,0.167578457,0.164395605,0.067413035,0.026440112,0
0.59309684,0.198445062,0.142214743,0.044126542,0.022116813,0
0.58594211,0.192528784,0.132865483,0.068247947,0.020415676,0
0.735673385,0.024504443,0.12212173,0.105916218,0.011784224,0
0.404076,0.274088961,0.110916462,0.14666995,0.064248626,0
0.38663527600000003,0.331403092,0.132575063,0.069313128,0.080073442,0
0.334065624,0.407774934,0.12441376,0.059590116,0.074155566,0
0.270341532,0.435595459,0.116786525,0.100816476,0.076460008,0
0.321941976,0.41480793,0.084872371,0.115428219,0.062949504,0
0.416131109,0.36246266,0.054714106,0.117176048,0.049516078,0
0.42942161,0.328949793,0.049353106,0.151406681,0.040868811,0
0.467588041,0.263899403,0.058307616,0.178028811,0.03217613,0
0.418103519,0.261382241,0.106719199,0.189377616,0.024417425,0
0.434544167,0.170712554,0.188737156,0.174007756,0.031998367,0
0.419649151,0.138348096,0.26845684,0.146223542,0.027322371,0
0.386125774,0.158370918,0.279127704,0.171089365,0.00528624,0
0.406739175,0.125192923,0.29942435,0.161791982,0.00685157,0
0.413886227,0.144282726,0.304295733,0.126432571,0.011102744,0
0.337879997,0.25901294,0.291049438,0.102534905,0.009522719,0
0.374853212,0.235584127,0.29107227,0.08941989,0.009070501,0
0.481135671,0.160305109,0.271944003,0.078163465,0.008451752,0
0.497810813,0.193870793,0.236345414,0.060748029,0.011224952,0
0.534806248,0.184481802,0.196931842,0.071337314,0.012442794,0
0.519606153,0.189334335,0.15587699,0.092619272,0.04256325,0
0.34849991,0.34076069,0.15689824,0.07373084,0.08011032,0
0.28036235,0.440414476,0.149786543,0.054130068,0.075306564,0
0.146752082,0.513505839,0.160698882,0.093584838,0.085458359,0
0.209306165,0.489526178,0.122142798,0.112950999,0.06607386,0
0.331705266,0.438547478,0.072749656,0.109667544,0.047330056,0
0.342040313,0.416730136,0.066130913,0.136746042,0.038352596,0
0.366751433,0.393536429,0.07353375,0.142212377,0.023966012,0
0.318513369,0.392416808,0.135769059,0.143441253,0.009859511,0
0.292471607,0.363906713,0.227610893,0.104892317,0.01111847,0
0.264378225,0.331004583,0.306226621,0.091005186,0.007385385,0
0.324620436,0.284389555,0.269217611,0.099351485,0.022420913,0
0.320104961,0.329495185,0.253668279,0.075276221,0.021455354,0
0.376168236,0.302554248,0.240846258,0.059717354,0.020713905,0
0.384937544,0.280182075,0.250278459,0.065225151,0.019376771,0
0.383641367,0.246439329,0.279412312,0.069504925,0.021002067,0
0.454519715,0.137594046,0.307750131,0.077245026,0.022891082,0
0.453542209,0.144492657,0.300795524,0.08154029,0.01962932,0
0.483583722,0.078802638,0.311506797,0.101334238,0.024772605,0
0.500069161,0.30798654600000003,0.146398544,0.022109601,0.023436148,0
0.360029957,0.424340274,0.172160341,0.009574931,0.033894497,0
0.406768249,0.375500156,0.171115599,0.013293033,0.033322963,0
0.282769486,0.445027681,0.201971966,0.032988117,0.03724275,0
0.206179251,0.526589458,0.184199339,0.045811405,0.037220547,0
0.251531054,0.494161408,0.156635102,0.05500995,0.042662485,0
0.311911068,0.423259771,0.153302994,0.06607188,0.045454287,0
0.347598159,0.349031057,0.170565841,0.089281048,0.043523895,0
0.431571263,0.219600698,0.195308688,0.110077407,0.043441944,0
0.51511929,0.126380541,0.195148775,0.116833581,0.046517813,0
0.38971582,0.241014602,0.233920357,0.098007055,0.037342166,0
0.355332711,0.268858791,0.264996782,0.075809387,0.035002329,0
0.41427865,0.134771928,0.350086171,0.061491902,0.03937135,0
0.258517377,0.257693267,0.377985639,0.058382666,0.047421052,0
0.412021788,0.330448286,0.153948224,0.04748558,0.056096123,0
0.378617892,0.368663543,0.162178261,0.036964814,0.053575491,0
0.234684527,0.420965558,0.202771932,0.078836753,0.06274123,0
0.268867959,0.406515963,0.185683433,0.095982277,0.042950369,0
0.358255258,0.34372127,0.166754289,0.103059403,0.028209779,0
0.331649733,0.323301821,0.194983923,0.129698065,0.020366458,0
0.355896188,0.27893897,0.194955051,0.152696511,0.01751328,0
0.296477461,0.26342932,0.246113538,0.165014918,0.028964763,0
0.236282367,0.292579454,0.308129204,0.131608658,0.031400317,0
0.202641998,0.286359055,0.369402619,0.099895236,0.041701092,0
0.338452336,0.234795924,0.283778614,0.095449136,0.04752399,0
0.344284977,0.297188501,0.235896955,0.082368954,0.040260613,0
0.374252288,0.326545553,0.210115364,0.05533893,0.033747864,0
0.399582953,0.325335178,0.211451675,0.036129061,0.027501133,0
0.419979469,0.268346041,0.244909876,0.041096994,0.025667621,0
0.418737433,0.253420509,0.262174974,0.038281362,0.027385722,0
0.488779377,0.316341403,0.137160961,0.015195606,0.042522653,0
0.463551506,0.354874955,0.137612262,0.009248195,0.034713083,0
0.335122357,0.430591556,0.161444635,0.037403911,0.035437541,0
0.398628682,0.397869991,0.14032378,0.045416883,0.017760664,0
0.503900636,0.324477578,0.125800468,0.039621237,0.006200081,0
0.506540202,0.26455564,0.169348763,0.047533948,0.012021447,0
0.475060389,0.248329685,0.203717982,0.050090923,0.022801021,0
0.418954335,0.219056232,0.271795417,0.054414153,0.035779863,0
0.320688258,0.180510911,0.371952231,0.077938056,0.048910544,0
0.221698941,0.134101332,0.463098028,0.111561968,0.069539731,0
0.178072361,0.194805919,0.427145523,0.115109441,0.084866756,0
0.230240697,0.215250666,0.388945077,0.086173245,0.079390315,0
0.324148319,0.118561391,0.41184913,0.064356578,0.081084582,0
0.361007704,0.148249137,0.36666982,0.055754642,0.068318697,0
0.4263646,0.07248864,0.361138266,0.072610832,0.067397662,0
0.354039339,0.273976056,0.222157641,0.097295869,0.052531094,0
0.417971844,0.321524271,0.135788279,0.062457273,0.062258333,0
0.367014649,0.394468203,0.119011536,0.057633301,0.061872311,0
0.20216824,0.4774823,0.134047762,0.10907189,0.077229809,0
0.283268881,0.419198001,0.114582396,0.122557483,0.060393239,0
0.344863812,0.369013611,0.107611014,0.128359262,0.050152302,0
0.419688542,0.266996964,0.116008064,0.152750138,0.044556292,0
0.515610895,0.175484023,0.104511913,0.170257059,0.03413611,0
0.508625837,0.163832019,0.115447183,0.187081115,0.025013847,0
0.542200828,0.10788988100000001,0.156824858,0.161370907,0.031713526,0
0.566123927,0.066552377,0.191144751,0.1454215,0.030757445,0
0.588838769,0.034451151,0.203351004,0.159967187,0.013391889,0
0.476785394,0.248252021,0.152960723,0.113821117,0.008180745,0
0.441371575,0.359598578,0.126755573,0.069251963,0.003022311,0
0.394012296,0.389129277,0.144571394,0.069744176,0.002542857,0
0.328339902,0.42790113,0.173870547,0.067327666,0.002560755,0
0.308928652,0.419924479,0.210977748,0.054927565,0.005241557,0
0.341586879,0.350492472,0.187532493,0.07857699,0.041811166,0
0.434323717,0.319261288,0.139904534,0.048826346,0.057684116,0
0.349255965,0.404784664,0.14522519,0.042962494,0.057771686,0
0.137412427,0.52415792,0.179891929,0.084460512,0.074077212,0
0.231904881,0.463587129,0.150300938,0.097210044,0.056997008,0
0.316932503,0.410933766,0.12657869,0.098217960000000007,0.047337082,0
0.339515726,0.35904049,0.136216196,0.11959552,0.045632069,0
0.441799835,0.274802742,0.116895244,0.129735684,0.036766495,0
0.359429343,0.296938966,0.162874306,0.147361608,0.033395777,0
0.272572762,0.33070066,0.226071628,0.125157742,0.045497208,0
0.312288046,0.278914925,0.267266061,0.095730568,0.045800399,0
0.381544902,0.260898655,0.236350913,0.097433118,0.023772413,0
0.335933302,0.340724136,0.199414447,0.103012006,0.020916109,0
0.34273802,0.374670436,0.174452745,0.089984179,0.01815462,0
0.336213941,0.37664469,0.194954623,0.079872019,0.012314726,0
0.328960106,0.358976149,0.238225672,0.061411062,0.012427011,0
0.393979536,0.259396848,0.277704829,0.0557324,0.013186387,0
0.431573372,0.221893906,0.284073746,0.050751842,0.011707134,0
0.446571138,0.211564924,0.277458926,0.054997628,0.009407383,0
0.523562676,0.12795562,0.283814843,0.054595068,0.010071792,0
0.609750649,0.060244052,0.275451434,0.040405997,0.014147867,0
0.629748225,0.062636956,0.270220523,0.026622263,0.010772033,0
0.633551097,0.048557507,0.259707767,0.044862817,0.013320813,0
0.341967661,0.356881468,0.131099582,0.113921496,0.056129791,0
0.289569081,0.439885892,0.124506799,0.062547288,0.083490941,0
0.315793482,0.424889031,0.117101086,0.069113224,0.073103178,0
0.279701925,0.439968082,0.104899211,0.112512234,0.062918547,0
0.232336179,0.493305461,0.069081629,0.142304086,0.062972645,0
0.296904721,0.465519228,0.029499458,0.149593477,0.058483116,0
0.354229731,0.40244859,0.020152283,0.175146133,0.048023263,0
0.307699546,0.383553447,0.053713579,0.213983624,0.041049804,0
0.342232306,0.335903387,0.104340798,0.19029233,0.027231178,0
0.396420366,0.301551689,0.140940895,0.145146377,0.015940673,0
0.366933049,0.283234815,0.180736709,0.151715213,0.017380215,0
0.318009363,0.370117066,0.151753358,0.150146594,0.009973618,0
0.391261947,0.338566806,0.151715516,0.110704263,0.007751469,0
0.438075696,0.3019941,0.152752061,0.090174015,0.017004127,0
0.43337037899999997,0.325088,0.149082338,0.074889507,0.017569775,0
0.516521776,0.227245157,0.163207009,0.070409389,0.022616669,0
0.601885728,0.155125262,0.164575891,0.053247039,0.02516608,0
0.588240841,0.171762059,0.157383303,0.058688444,0.023925354,0
0.642789083,0.11182449,0.141701339,0.083006731,0.020678357,0
0.710584755,0.039199183,0.144682885,0.083193197,0.022339979,0
0.704592457,0.045906869,0.14766653,0.072734386,0.029099758,0
0.678380954,0.073579115,0.14853944,0.075017835,0.024482655,0
0.345289719,0.357937905,0.139681269,0.109637185,0.047453923,0
0.292369922,0.439007967,0.130466238,0.067849112,0.07030676,0
0.27455086,0.441471287,0.134618139,0.082210461,0.067149253,0
0.254144874,0.440460737,0.124483137,0.124105064,0.056806188,0
0.222322315,0.473910657,0.09180917,0.154585994,0.057371864,0
0.297761635,0.42893606,0.061953917,0.156878075,0.054470314,0
0.349679985,0.369203694,0.059635066,0.177904972,0.043576282,0
0.356185825,0.273668184,0.084955581,0.244631855,0.040558555,0
0.381362147,0.220029766,0.139334393,0.228896541,0.030377152,0
0.487761556,0.145230108,0.171821979,0.170593198,0.024593158,0
0.602439067,0.031458439,0.176461391,0.158594747,0.031046356,0
0.553870275,0.20820695,0.066970494,0.148756978,0.022195302,0
0.586193041,0.261730997,0.028412515,0.109629496,0.01403395,0
0.603530685,0.22803552,0.068400612,0.0915819,0.008451284,0
0.507847823,0.324565529,0.084414314,0.07411221,0.009060123,0
0.564036215,0.270695525,0.095572828,0.060529241,0.009166191,0
0.648046009,0.203083551,0.090357262,0.048113022,0.010400156,0
0.598302563,0.256590626,0.076033724,0.059667783,0.009405303,0
0.602531785,0.252517907,0.065346439,0.076867076,0.002736794,0
0.633396223,0.197258138,0.08885877,0.077096254,0.003390615,0
0.627604453,0.162002971,0.119628128,0.088280968,0.002483479,0
0.603626613,0.169195665,0.123549249,0.096720324,0.006908149,0
0.607981824,0.150252308,0.149040987,0.081041984,0.011682897,0
0.571916584,0.161278835,0.175325571,0.073422996,0.018056014,0
0.443361928,0.292146821,0.183858878,0.06773623,0.012896142,0
0.42147831,0.279728581,0.20165214,0.081107169,0.0160338,0
0.280384327,0.400376776,0.22136472,0.077641928,0.020232248,0
0.243446986,0.442261304,0.206616351,0.086855056,0.020820304,0
0.212972149,0.431607781,0.261627116,0.066791974,0.02700098,0
0.171497629,0.556951183,0.231334516,0.009420392,0.030796279,0
0.254502317,0.411300235,0.241016958,0.047269588,0.045910902,0
0.274131033,0.30347852,0.248192872,0.116228472,0.057969102,0
0.361584596,0.270973932,0.239428165,0.082918365,0.045094942,0
0.41609626,0.133841301,0.328722275,0.070147525,0.051192639,0
0.337317124,0.258362153,0.294834024,0.070783479,0.038703221,0
0.422458674,0.27022318,0.232108701,0.043180802,0.032028643,0
0.468035139,0.275687377,0.186595534,0.041966431,0.027715519,0
0.48151586,0.27827828,0.168200058,0.051964119,0.020041683,0
0.457069959,0.325986933,0.149116499,0.050134781,0.017691828,0
0.458428772,0.326233839,0.15563557,0.039091824,0.020609996,0
0.492292287,0.277988272,0.16020225,0.046052893,0.023464298,0
0.465599563,0.328171161,0.126295489,0.057720227,0.022213559,0
0.464371056,0.315264637,0.107202249,0.087049434,0.026112624,0
0.572981372,0.19544162,0.073782131,0.120024319,0.037770558,0
0.633107189,0.14190123,0.018259787,0.158929787,0.047802006,0
0.448565848,0.362675576,0.02452341,0.124375871,0.039859295,0
0.343336112,0.50023893,0.056943655,0.074805097,0.024676206,0
0.351811665,0.345554382,0.124353986,0.122437893,0.055842074,0
0.285905176,0.433936977,0.129447694,0.066246673,0.08446348,0
0.30329237,0.434289502,0.125966527,0.064395716,0.072055884,0
0.237848427,0.469130233,0.119833467,0.10883767,0.064350203,0
0.207058786,0.509878483,0.086231915,0.134206649,0.062624167,0
0.254258317,0.487803593,0.055745654,0.14603512,0.056157316,0
0.304687347,0.412794886,0.071493576,0.167504673,0.043519519,0
0.306047948,0.352958359,0.11266656,0.195190137,0.033136996,0
0.344839768,0.298107554,0.165692792,0.174705714,0.016654172,0
0.43496698,0.236869643,0.195971805,0.124446578,0.007744993,0
0.447044595,0.188307261,0.236693359,0.115241186,0.012713599,0
0.395345696,0.263506217,0.225412006,0.111966908,0.003769173,0
0.383294389,0.276494931,0.236005012,0.093784038,0.010421631,0
0.348124851,0.294266674,0.247228798,0.088548589,0.021831089,0
0.294968255,0.363106532,0.240206634,0.081068747,0.020649832,0
0.36549097,0.270999916,0.26568817,0.074251217,0.023569728,0
0.450646903,0.209281632,0.264528403,0.050989417,0.024553645,0
0.443151688,0.236729604,0.249275513,0.049954083,0.020889112,0
0.514015332,0.130801387,0.263406526,0.072855447,0.018921309,0
0.581925907,0.038398331,0.279247648,0.079076075,0.021352039,0
0.604072043,0.021873634,0.2763418,0.067349148,0.030363375,0
0.5759459,0.064609369,0.261218334,0.071724972,0.026501426,0
0.604908466,0.070159855,0.228478848,0.077769245,0.018683587,0
0.641840653,0.021477088,0.228936005,0.086290266,0.021455987,0
0.60999511,0.078115872,0.197879771,0.095100487,0.01890876,0
0.599325475,0.091091693,0.18384026,0.107463401,0.018279172,0
0.490900382,0.202705292,0.189698736,0.103783755,0.012911835,0
0.446903978,0.208376783,0.224829139,0.108878215,0.011011885,0
0.413160767,0.170836642,0.323603406,0.076989772,0.015409413,0
0.246411586,0.322774026,0.402675731,0.014404722,0.013733934,0
0.165459429,0.267123081,0.522766715,0.035241028,0.009409747,0
0.163630118,0.049290015,0.67092293,0.105710815,0.010446122,0
0.089195371,0.156234348,0.623617053,0.119992076,0.010961153,0
0.196092905,0.150274898,0.565540738,0.079739263,0.008352195,0
0.348893596,0.338642707,0.15019664,0.09373707,0.068529987,0
0.33184968,0.416642025,0.121951947,0.058328329,0.071228018,0
0.293491762,0.424636856,0.119145673,0.087160452,0.075565257,0
0.307500723,0.419276911,0.098382867,0.114104374,0.060735125,0
0.332955374,0.427123876,0.065561475,0.124219518,0.050139756,0
0.366860081,0.400240419,0.043927831,0.146330885,0.042640784,0
0.427154395,0.347204426,0.025014801,0.164990051,0.035636328,0
0.410534732,0.318896677,0.064793357,0.180834899,0.024940335,0
0.44772951,0.252259025,0.123634923,0.149000403,0.027376139,0
0.50706084,0.121757521,0.214325953,0.134241413,0.022614274,0
0.459042895,0.104486752,0.278887507,0.151904774,0.005678072,0
0.347190951,0.292278679,0.242535704,0.110699019,0.007295646,0
0.317043099,0.294270156,0.286081302,0.087468403,0.01513704,0
0.320027198,0.287089438,0.300079084,0.081390882,0.011413399,0
0.274684373,0.36145628,0.288421504,0.064882498,0.010555344,0
0.33188454,0.248545822,0.335642701,0.067466981,0.016459956,0
0.376469073,0.147169369,0.392299664,0.067810846,0.016251048,0
0.369136597,0.207766606,0.326058418,0.079267404,0.017770975,0
0.43053458,0.180164128,0.288591414,0.091144,0.009565879,0
0.5563796,0.078759043,0.278121595,0.082844173,0.003895589,0
0.592065774,0.074861305,0.253231919,0.067224981,0.012616022,0
0.58374711,0.123872654,0.225819789,0.056158824,0.010401623,0
0.559795277,0.178918365,0.200490064,0.05613832,0.004657974,0
0.507714957,0.233982346,0.187852385,0.06192254,0.008527772,0
0.450073224,0.265010582,0.194828474,0.077152501,0.012935219,0
0.434533459,0.231567294,0.227426815,0.098268329,0.008204103,0
0.346223244,0.319791783,0.227780457,0.09705427,0.009150246,0
0.326997705,0.305040171,0.241448085,0.104492957,0.022021082,0
0.355276039,0.197274256,0.354750474,0.066411022,0.026288209,0
0.235100037,0.408374856,0.309565049,0.028091524,0.018868533,0
0.264451604,0.296313291,0.354439985,0.059298365,0.025496755,0
0.294121938,0.34198337,0.18990542,0.117456286,0.056532987,0
0.373331162,0.372549509,0.123651649,0.069166324,0.061301356,0
0.324522693,0.462664503,0.100786592,0.049811131,0.062215081,0
0.204858696,0.532728279,0.09755763,0.090861911,0.073993484,0
0.259302119,0.51234831,0.053738524,0.111706411,0.062904636,0
0.337784291,0.468704685,0.029622801,0.112200378,0.051687845,0
0.329064151,0.421447911,0.070937276,0.134631726,0.043918937,0
0.376909393,0.344989117,0.111071285,0.132537604,0.034492601,0
0.353618684,0.327696874,0.154735016,0.137080166,0.026869259,0
0.362323227,0.2682876,0.211255202,0.123885877,0.034248094,0
0.398130596,0.16543216,0.279946743,0.119366443,0.037124058,0
0.444313144,0.079812704,0.318413581,0.13707782,0.020382751,0
0.417671992,0.140003642,0.299576266,0.121385918,0.021362182,0
0.454523293,0.183604709,0.252124004,0.092592579,0.017155414,0
0.467932706,0.18642152,0.237282266,0.097069925,0.011293583,0
0.477794293,0.198975252,0.224413945,0.087303185,0.011513325,0
0.575234238,0.147379229,0.196107442,0.073814138,0.007464953,0
0.61575628,0.167167539,0.123561802,0.087653116,0.005861263,0
0.586655822,0.241190145,0.059164961,0.100912134,0.012076937,0
0.55696725,0.260447379,0.074329036,0.098209546,0.010046789,0
0.612189699,0.204294368,0.093833897,0.085697035,0.003985001,0
0.622962303,0.17431645,0.105477287,0.088904729,0.008339231,0
0.682600926,0.115486403,0.094081907,0.097699315,0.010131449,0
0.672065883,0.113088785,0.107470418,0.099432807,0.007942107,0
0.588575631,0.142392599,0.144618486,0.111032305,0.013380979,0
0.465013627,0.247237358,0.143659726,0.125824541,0.018264748,0
0.314147233,0.332041852,0.171007786,0.163409596,0.019393533,0
0.229095029,0.355331042,0.204872826,0.189737966,0.020963137,0
0.192441711,0.327012589,0.281766087,0.170848494,0.027931118,0
0.249674582,0.352887624,0.169921707,0.143978883,0.083537204,0
0.370157044,0.350475872,0.131750171,0.074504356,0.073112557,0
0.31244648,0.443471348,0.121386612,0.053846064,0.068849497,0
0.2048111,0.506308384,0.121983534,0.091151476,0.075745506,0
0.243084689,0.499584512,0.089449428,0.109030379,0.058850992,0
0.324860876,0.470544661,0.049101,0.111423197,0.044070267,0
0.316712856,0.460836957,0.044227415,0.142548645,0.035674128,0
0.381974542,0.382502527,0.059562408,0.152801994,0.023158529,0
0.37544927299999997,0.342572091,0.111214373,0.161858084,0.008906178,0
0.401943091,0.294303775,0.160518995,0.135434296,0.007799843,0
0.464203983,0.179302913,0.21854199,0.131243299,0.006707815,0
0.476705043,0.176273176,0.1886047,0.132164456,0.026252625,0
0.401661538,0.29929149,0.166469454,0.107765762,0.024811757,0
0.415824682,0.277203542,0.179407861,0.099862309,0.027701606,0
0.377272383,0.314419821,0.181232195,0.1043215,0.022754102,0
0.350863336,0.332486625,0.196072489,0.097844674,0.022732876,0
0.443054667,0.208305881,0.225863404,0.096324375,0.026451672,0
0.474904799,0.190936211,0.219342037,0.092685538,0.022131414,0
0.486681677,0.210113327,0.170637634,0.107507181,0.025060181,0
0.518882218,0.209669733,0.140425272,0.111676752,0.019346026,0
0.576742491,0.187031825,0.127317421,0.097818908,0.011089355,0
0.594289943,0.177473587,0.126448451,0.092581839,0.009206181,0
0.593758942,0.184400689,0.113184246,0.100611673,0.00804445,0
0.555485667,0.229943247,0.100220802,0.1059013,0.008448985,0
0.53660513,0.232227904,0.109096842,0.117756069,0.004314055,0
0.481363959,0.245435566,0.140646399,0.129251954,0.0033021220000000002,0
0.433185168,0.218138228,0.184956563,0.155587691,0.008132349,0
0.374576885,0.291283711,0.185620561,0.139220462,0.009298381,0
0.42981789,0.211721374,0.211029,0.133670484,0.013761253,0
0.362182455,0.302296947,0.216483338,0.082542834,0.036494426,0
0.454981781,0.295737352,0.140091917,0.051967715,0.057221235,0
0.367186706,0.402282058,0.133809483,0.038440652,0.058281101,0
0.176904931,0.520895058,0.157538981,0.070064595,0.074596435,0
0.311873487,0.425635041,0.120620077,0.082567731,0.059303665,0
0.385536489,0.400654881,0.085514129,0.081442366,0.046852136,0
0.42936359,0.364403497,0.078071887,0.086912603,0.041248423,0
0.50576777,0.336200094,0.048067917,0.075730607,0.034233612,0
0.483716984,0.355314051,0.056910894,0.071007562,0.03305051,0
0.478449236,0.351509576,0.07883149,0.045084493,0.046125206,0
0.498311379,0.298588536,0.101528347,0.045432329,0.056139409,0
0.495884812,0.271088688,0.122751986,0.057143697,0.053130816,0
0.461898039,0.334428049,0.104366463,0.044948495,0.054358955,0
0.484550476,0.276549065,0.121052543,0.055365796,0.06248212,0
0.450908559,0.334065028,0.087940031,0.067708031,0.059378351,0
0.441228914,0.337831948,0.102025067,0.061830126,0.057083945,0
0.462578779,0.233586998,0.189516212,0.051793524,0.062524487,0
0.244091224,0.406368347,0.253808839,0.04569922,0.05003237,0
0.213200375,0.3220881,0.335610357,0.076222329,0.052878838,0
0.193697414,0.376977314,0.318047247,0.069640356,0.04163767,0
0.209687416,0.441680018,0.273466643,0.042803192,0.03236273,0
0.314587984,0.39410623,0.099077624,0.118994182,0.07323398,0
0.382579648,0.35078929,0.126832022,0.066596314,0.073202725,0
0.325080944,0.438488752,0.112025936,0.056378886,0.068025482,0
0.230619763,0.491936126,0.107365406,0.098206202,0.071872503,0
0.296333244,0.471319398,0.063597437,0.112061,0.056688922,0
0.385962949,0.427658379,0.035605308,0.107803557,0.042969808,0
0.390361172,0.385341228,0.059247322,0.130745721,0.034304556,0
0.428572467,0.31257721,0.095002909,0.139486991,0.024360423,0
0.42112925,0.268093333,0.14975727,0.150367237,0.010652911,0
0.375312194,0.262925911,0.218621428,0.133183742,0.009956726,0
0.39401172,0.125948046,0.331929228,0.138503287,0.009607719,0
0.376631459,0.108735034,0.348349841,0.149967341,0.016316325,0
0.317047114,0.241965141,0.31166808,0.108720518,0.020599148,0
0.340095709,0.235349472,0.312073115,0.082329049,0.030152655,0
0.328373799,0.24685918,0.314198214,0.082777799,0.027791009,0
0.323609871,0.275899234,0.296683362,0.074780428,0.029027105,0
0.392467766,0.175685581,0.289773524,0.101567226,0.040505904,0
0.330130169,0.355481857,0.149153947,0.09950601,0.065728017,0
0.296876414,0.445471026,0.119029223,0.072609129,0.066014208,0
0.221304638,0.484446287,0.113162845,0.110450036,0.070636194,0
0.258755368,0.482103407,0.071124321,0.134738268,0.053278636,0
0.338583509,0.467722092,0.015324988,0.138512115,0.039857296,0
0.328432297,0.456258362,0.022517384,0.16288137,0.029910588,0
0.337348327,0.398366074,0.062590366,0.181331063,0.02036417,0
0.277607891,0.412503701,0.096718235,0.204888302,0.00828187,0
0.291460874,0.379581949,0.146999978,0.171850907,0.010106292,0
0.266194917,0.333649646,0.247541897,0.141207203,0.011406337,0
0.174033731,0.392185969,0.248867922,0.14429091,0.040621468,0
0.164275967,0.455936453,0.213277945,0.136040791,0.030468844,0
0.228564344,0.434497209,0.179892034,0.125457823,0.03158859,0
0.288396395,0.416755581,0.161654205,0.106908994,0.026284825,0
0.349716527,0.360522964,0.178531829,0.086183422,0.025045258,0
0.442148648,0.226610648,0.184324145,0.109424864,0.037491694,0
0.365602833,0.343565404,0.136116677,0.08469795,0.070017136,0
0.353938482,0.409614935,0.102708408,0.064615298,0.069122877,0
0.309079892,0.419636061,0.09835948,0.101438845,0.071485722,0
0.357267062,0.394567497,0.070986509,0.121435092,0.055743839,0
0.411276097,0.370901799,0.048056395,0.123931775,0.045833935,0
0.426014856,0.328615467,0.060794297,0.145414198,0.039161183,0
0.428032611,0.294756086,0.088595415,0.158316534,0.030299354,0
0.395037891,0.291310658,0.118018458,0.171565023,0.02406797,0
0.405890244,0.239221644,0.158138395,0.171701243,0.025048474,0
0.409288163,0.141621594,0.22791483,0.19740267,0.023772742,0
0.28973443,0.161925838,0.284190455,0.25150852,0.012640757,0
0.239518061,0.267087015,0.270507621,0.212566287,0.010321016,0
0.254131149,0.225986559,0.329494204,0.181168589,0.009219499,0
0.269722635,0.280492972,0.289576654,0.137525877,0.022681862,0
0.225646835,0.35056254,0.253261617,0.149228328,0.02130068,0
0.377958087,0.213684019,0.201072933,0.154058645,0.053226315,0
0.344810633,0.3594428,0.12755326,0.088896618,0.079296689,0
0.276903356,0.472185292,0.107808495,0.061388194,0.081714662,0
0.172732201,0.530235481,0.097497073,0.105491322,0.094043923,0
0.195838073,0.533496383,0.062359756,0.133785754,0.074520034,0
0.284545217,0.50516461,0.022162286,0.130272482,0.057855406,0
0.237757523,0.500610646,0.047956806,0.164746031,0.048928994,0
0.228855786,0.4562755,0.088965882,0.183009501,0.04289333,0
0.183678619,0.462972491,0.130111097,0.190492971,0.032744822,0
0.157960195,0.465756917,0.177756253,0.157150219,0.041376416,0
0.209601244,0.384103798,0.235803611,0.124908554,0.045582793,0
0.289015622,0.363582202,0.212681639,0.112251831,0.022468706,0
0.259755625,0.414216188,0.207536404,0.091487454,0.027004329,0
0.342707912,0.326556074,0.226494356,0.067722451,0.036519207,0
0.351306809,0.366349532,0.197283721,0.058510533000000003,0.026549405,0
0.380268892,0.342935349,0.1862267,0.062594279,0.02797478,0
0.480331704,0.232148747,0.176517459,0.078279759,0.032722331,0
0.467972051,0.289198304,0.144915068,0.068610528,0.029304048,0
0.410194809,0.324672254,0.13850964,0.08987209,0.036751206,0
0.338989819,0.399348214,0.141090969,0.057183194,0.063387803,0
0.365390262,0.395038689,0.135782927,0.049376579,0.054411544,0
0.271101033,0.444000893,0.152548917,0.085015944,0.047333212,0
0.221636086,0.493909243,0.138567693,0.102629556,0.043257423,0
0.261295287,0.48163182,0.105107433,0.114125139,0.037840322,0
0.311775262,0.432001503,0.089437281,0.141703174,0.025082779,0
0.368780805,0.363773487,0.106214227,0.149160252,0.01207123,0
0.390367002,0.324733158,0.158673667,0.118667273,0.0075589,0
0.448843949,0.297410354,0.169418269,0.071081435,0.013245993,0
0.504817189,0.183183027,0.206528513,0.085788629,0.019682642,0
0.383675981,0.289075837,0.208390907,0.10402259,0.014834685,0
0.328906444,0.355159414,0.213660631,0.083885803,0.018387708,0
0.335411899,0.285199697,0.287988444,0.062760016,0.028639945,0
0.227577061,0.369810677,0.31828572,0.05370282,0.030623723,0
0.175922536,0.334208211,0.378915272,0.075710555,0.035243426,0
0.118191063,0.179000069,0.550712248,0.097421493,0.054675127,0
0.102113746,0.208587032,0.54483854,0.091709373,0.052751309,0
0.150723809,0.164196027,0.522469089,0.105532043,0.057079032,0
0.213250241,0.284035263,0.369098998,0.08541974,0.048195759,0
0.285752855,0.26034773,0.346133187,0.059310978,0.04845525,0
0.306147173,0.258358218,0.33360553,0.057620215,0.044268864,0
0.369448479,0.202219516,0.325717012,0.059782535,0.042832457,0
0.410074394,0.199865065,0.288826182,0.05520326,0.046031099,0
0.44912226,0.093026687,0.327719318,0.075404033,0.054727702,0
0.407835432,0.247578081,0.221076617,0.079592848,0.043917022,0
0.457293278,0.213921769,0.190931918,0.089072913,0.048780122,0
0.342100622,0.439197297,0.121858573,0.060062973,0.036780534,0
0.334880049,0.417999062,0.17024788800000001,0.045723646,0.031149355,0
0.38613822799999997,0.307050413,0.242598371,0.030403187,0.0338098,0
0.290885035,0.45409571,0.219898239,0.012618311,0.022502704,0
0.325081572,0.395852911,0.232010585,0.025669836,0.021385096,0
0.376544438,0.235333954,0.300238649,0.060814828,0.02706813,0
0.352952782,0.26357377,0.301318704,0.054300227,0.027854518,0
0.413658387,0.139983003,0.355129689,0.056538509,0.034690412,0
0.38996323,0.055789728,0.419331634,0.09423048,0.040684927,0
0.356930506,0.102148162,0.41173553,0.091752688,0.037433115,0
0.329500674,0.152992345,0.412972885,0.064112639,0.040421457,0
0.332724274,0.099188818,0.46487224,0.070365815,0.032848853,0
0.397196798,0.045336876,0.438250212,0.096865218,0.022350896,0
0.264541367,0.325022133,0.324112571,0.069271668,0.017052261,0
0.262670901,0.322762253,0.328305662,0.067114457,0.019146727,0
0.284245379,0.341545277,0.271861431,0.084653563,0.01769435,0
0.219746269,0.556896985,0.150922538,0.059465688,0.012968521,0
0.294185485,0.511901266,0.1160722,0.059138166,0.018702883,0
0.275151907,0.57998863,0.075781161,0.047560092,0.02151821,0
0.235669166,0.625750611,0.068601523,0.048425826,0.021552874,0
0.324344634,0.506378439,0.106724378,0.033094486,0.029458063,0
0.307550709,0.489179489,0.149785681,0.027945241,0.025538879,0
0.350094477,0.360678641,0.132504336,0.098569041,0.058153505,0
0.291984642,0.467304818,0.108805946,0.056781771,0.075122823,0
0.306458192,0.452487437,0.101685635,0.068904317,0.070464419,0
0.269385091,0.486496047,0.088781991,0.100195659,0.055141211,0
0.206098562,0.560502139,0.061995692,0.120254891,0.051148716,0
0.254801374,0.520391855,0.0582626,0.12763676,0.038907411,0
0.289918609,0.457446452,0.08973586,0.134423499,0.028475581,0
0.249459172,0.426063774,0.148922273,0.156933217,0.018621564,0
0.31179861,0.335817409,0.209481065,0.130086436,0.01281648,0
0.23758155,0.371323018,0.13915472,0.105939845,0.146000867,0
0.347645667,0.137487959,0.365681011,0.118050774,0.031134588,0
0.267176311,0.296812116,0.307819312,0.107853365,0.020338896,0
0.346163875,0.236110295,0.320472797,0.070821953000000007,0.026431081,0
0.399052461,0.199689854,0.303993336,0.067721142,0.029543207,0
0.391607658,0.28010287,0.247091748,0.053977968,0.027219756,0
0.490626551,0.183817828,0.236826046,0.056360603,0.032368972,0
0.549554583,0.127864088,0.224981077,0.064334835,0.033265419,0
0.518922696,0.186060606,0.19027754,0.076004269,0.028734889,0
0.565288139,0.163676181,0.156981658,0.093007953,0.021046069,0
0.647420214,0.09405408,0.156619235,0.085290808,0.016615664,0
0.704541962,0.042784382,0.155556803,0.078220503,0.018896349,0
0.66562362,0.067097081,0.160311454,0.090954389,0.016013456,0
0.622584047,0.13244312,0.147524727,0.088685281,0.008762826,0
0.545422958,0.196080635,0.157438063,0.091137242,0.009921101,0
0.472010523,0.313592263,0.123962245,0.036981287,0.053453682,0
0.433860003,0.390005876,0.086258154,0.026729999,0.063145968,0
0.262847213,0.490108333,0.085260603,0.081199537,0.080584313,0
0.304988869,0.431182177,0.083823134,0.113093899,0.06691192,0
0.287117486,0.466091498,0.098696471,0.097351951,0.050742594,0
0.338031677,0.425842313,0.117531383,0.073720907,0.044873719,0
0.402160868,0.35131746,0.114072431,0.088845605,0.043603636,0
0.371752752,0.39245966,0.087361162,0.109978578,0.038447847,0
0.470204598,0.29330014,0.083678631,0.110297873,0.042518757,0
0.450728412,0.333059877,0.082427016,0.096389277,0.037395418,0
0.325716282,0.448419143,0.091825153,0.097293891,0.036745531,0
0.352371652,0.467524479,0.094193338,0.047111531,0.038799,0
0.331650723,0.515498874,0.088356803,0.022507474,0.041986125,0
0.259289862,0.567140988,0.088931479,0.046239345,0.038398327,0
0.516340452,0.328655218,0.097242199,0.04319722,0.01456491,0
0.431329056,0.395886648,0.1047143,0.041056692,0.027013304,0
0.156990944,0.583037098,0.154062189,0.063200127,0.042709642,0
0.286103174,0.395545474,0.180426503,0.080431096999999993,0.057493752,0
0.327465306,0.378480434,0.171473878,0.06427739,0.058302992,0
0.327035382,0.450157144,0.104423686,0.058574117,0.059809671,0
0.506104334,0.358329467,0.058318661,0.027120488,0.050127051,0
0.371849774,0.483478315,0.05655389,0.03120194,0.056916082,0
0.182507068,0.601837915,0.068452965,0.074190094,0.073011957,0
0.346651719,0.477481008,0.040446941,0.084071652,0.051348681,0
0.456041763,0.388471966,0.069066299,0.058394939,0.028025032,0
0.338679157,0.500206072,0.065428944,0.064032254,0.031653573,0
0.139655159,0.632682686,0.080205121,0.10032235,0.047134683,0
0.203943863,0.581284462,0.07350351,0.097416309,0.043851855,0
0.3058632,0.508914006,0.078615575,0.039548318,0.067058902,0
0.486155611,0.357844685,0.058941496,0.034625919,0.062432288,0
0.499756316,0.291570801,0.07572458,0.073542937,0.059405367,0
0.43949205,0.338496853,0.074924988,0.097994103,0.049092006,0
0.48041023,0.259465554,0.067728388,0.130455135,0.061940692,0
0.561551933,0.168825555,0.067449516,0.135540081,0.066632915,0
0.389732971,0.345823647,0.142224836,0.067128157,0.055090389,0
0.389803978,0.400460256,0.113505507,0.038346452,0.057883808,0
0.290643046,0.446462972,0.118849943,0.076725544,0.067318496,0
0.34226838,0.411169369,0.092013522,0.100112008,0.054436721,0
0.378821474,0.420820582,0.048367696,0.111277117,0.040713131,0
0.309209562,0.398780061,0.130871521,0.084839397,0.076299459,0
0.287647255,0.461695456,0.110900547,0.062890866,0.076865877,0
0.215347701,0.486203862,0.109252937,0.108769685,0.080425815,0
0.243424405,0.47372145,0.086965332,0.133297113,0.0625917,0
0.315741282,0.445511205,0.0513473,0.137595953,0.04980426,0
0.359998722,0.408094619,0.034843758,0.156004221,0.041058681,0
0.379645708,0.378150398,0.050839856,0.162003665,0.029360373,0
0.374331329,0.357607638,0.08861388,0.163375315,0.016071839,0
0.404529925,0.322565668,0.129762959,0.124028512,0.019112936,0
0.416367336,0.277124299,0.185639093,0.110366465,0.010502807,0
0.430084857,0.20023255,0.219268279,0.13446021,0.015954104,0
0.395540169,0.308903007,0.181236066,0.105815485,0.008505272,0
0.419621585,0.286799432,0.181166355,0.097244788,0.01516784,0
0.47907315,0.207407643,0.175959971,0.116419141,0.021140095,0
0.471480638,0.247376276,0.159584869,0.105299335,0.016258882,0
0.539674205,0.158041624,0.170760297,0.110589639,0.020934236,0
0.519120042,0.163490773,0.176994817,0.119725704,0.020668663,0
0.489688265,0.166539285,0.174625814,0.146151458,0.022995178,0
0.507006934,0.137660617,0.173890085,0.166684257,0.014758107,0
0.580357325,0.077197947,0.188550509,0.147692354,0.006201865,0
0.594207998,0.086515181,0.171130169,0.134553789,0.013592863,0
0.594805607,0.112657825,0.151887213,0.129506886,0.011142469,0
0.597954071,0.144336123,0.13000589,0.123267774,0.004436142,0
0.626441712,0.107013454,0.135519579,0.121519188,0.009506066,0
0.359658403,0.356277492,0.132274215,0.094159231,0.057630659,0
0.313652924,0.444658498,0.111217823,0.060098557,0.070372198,0
0.277314262,0.467652085,0.101249245,0.084486841,0.069297567,0
0.251463363,0.482849741,0.089103907,0.122311822,0.054271168,0
0.198728056,0.551592827,0.06047271,0.141283239,0.047923169,0
0.251734082,0.528740716,0.035459323,0.147729079,0.036336801,0
0.316887479,0.449436327,0.025900105,0.177322574,0.030453515,0
0.241703358,0.469789837,0.065336434,0.203896396,0.019273976,0
0.320674206,0.389233183,0.105994788,0.165844878,0.018252945,0
0.349100508,0.348692526,0.149603581,0.125885787,0.026717598,0
0.284231648,0.384943353,0.157710662,0.132728373,0.040385964,0
0.214072052,0.49367851,0.133679972,0.13327533,0.025294136,0
0.235102056,0.457042753,0.159133968,0.117778102,0.030943121,0
0.23787054,0.449079954,0.164165557,0.110429366,0.038454583,0
0.259896926,0.480807688,0.16573208,0.067918707,0.025644599,0
0.411885976,0.298507684,0.171453911,0.09281907,0.025333359,0
0.455962074,0.2818488,0.153758804,0.092007391,0.016422932,0
0.52174735,0.165815302,0.198667145,0.100923857,0.012846346,0
0.533316509,0.166319638,0.193561358,0.103479334,0.003323162,0
0.510793583,0.208707299,0.192237089,0.083739094,0.004522934,0
0.524024596,0.171560596,0.20933485,0.087871169,0.007208789,0
0.478115449,0.233373481,0.200212062,0.078170716,0.010128291,0
0.515458222,0.283339404,0.124849499,0.040458782,0.035894092,0
0.466575832,0.324349169,0.126562536,0.029647638,0.052864825,0
0.380692559,0.355289521,0.158239712,0.053878391,0.051899817,0
0.321110076,0.353537329,0.189680255,0.08383733,0.051835011,0
0.243557735,0.368848759,0.238241911,0.088930365,0.060421231,0
0.302188203,0.354964463,0.218852985,0.066413388,0.057580961,0
0.306550734,0.367464312,0.221232184,0.055932488,0.048820282,0
0.455001933,0.169912184,0.222161432,0.103150765,0.049773685,0
0.524502581,0.167331517,0.177684453,0.093348487,0.037132962,0
0.488029841,0.312409756,0.132403943,0.043042974,0.024113487,0
0.562299955,0.153492289,0.245255083,0.013112417,0.025840256,0
0.400072605,0.370860579,0.114361248,0.074867809,0.039837759,0
0.374025683,0.445751994,0.085559674,0.044769433,0.049893216,0
0.290197456,0.503360105,0.091228858,0.060484639,0.054728943,0
0.248162173,0.535865975,0.079364192,0.091363835,0.045243825,0
0.180759798,0.616900697,0.048566275,0.113613617,0.040159614,0
0.238287553,0.571342804,0.026348462,0.126388522,0.037632659,0
0.266104453,0.549736859,0.013732426,0.137531347,0.032894914,0
0.229213191,0.545272746,0.023569332,0.167402451,0.03454228,0
0.286844434,0.463386742,0.062984064,0.15555392,0.031230841,0
0.363596013,0.359826257,0.104021376,0.137473149,0.035083205,0
0.354193089,0.331682403,0.139345271,0.13845458,0.036324656,0
0.294365717,0.34620641,0.189394067,0.133795876,0.03623793,0
0.354736759,0.287018804,0.220816534,0.100078996,0.037348907,0
0.356750774,0.357449903,0.193599285,0.072716788,0.019483251,0
0.440078851,0.241138559,0.222095904,0.077538555,0.019148131,0
0.494596564,0.236858549,0.207668247,0.041388826,0.019487815,0
0.553594763,0.251534878,0.166598228,0.016898797,0.011373335,0
0.687600387,0.079858058,0.196006746,0.025395495,0.011139314,0
0.714744628,0.069041877,0.166817701,0.03919505,0.010200744,0
0.39184204500000003,0.382135746,0.128575783,0.056082109,0.041364317,0
0.375526413,0.422469127,0.119149446,0.03812345,0.044731564,0
0.211533164,0.523570078,0.140984192,0.064635939,0.059276626,0
0.295618412,0.460193621,0.119642418,0.075102813,0.049442736,0
0.363496016,0.427391365,0.08436939,0.083295711,0.041447519,0
0.384335867,0.389669919,0.088584129,0.096988244,0.040421841,0
0.411814083,0.340422125,0.108488978,0.100145808,0.039129006,0
0.359597954,0.311361068,0.166551821,0.120172635,0.042316522,0
0.333019051,0.324555965,0.187020171,0.106001004,0.049403809,0
0.260085412,0.358788861,0.201267411,0.119068468,0.060789847,0
0.223109107,0.299564033,0.226057627,0.174693992,0.076575241,0
0.27391999,0.450557328,0.125196285,0.090734772,0.059591626,0
0.40761883,0.371945895,0.118949423,0.054284886,0.047200966,0
0.547287939,0.249316779,0.107545182,0.060619394,0.035230705,0
0.507936421,0.272167747,0.12575294,0.062686673,0.031456219,0
0.593973291,0.175330157,0.152758645,0.050757784,0.027180123,0
0.576031723,0.272096875,0.113795849,0.016552796,0.021522758,0
0.324142694,0.385652269,0.102105858,0.122236756,0.065862423,0
0.3834439,0.350821148,0.124335169,0.068294191,0.073105593,0
0.323885764,0.441980196,0.109653341,0.054540801,0.069939899,0
0.232119035,0.494173666,0.109705867,0.09260321,0.071398222,0
0.304083776,0.46522102,0.071816988,0.104266296,0.05461192,0
0.406151295,0.416249635,0.036219053,0.100985978,0.04039404,0
0.419829353,0.394754747,0.025754603,0.128942676,0.03071862,0
0.461063296,0.343572497,0.029687161,0.143418118,0.022258928,0
0.437469601,0.30363785,0.091520953,0.157594483,0.009777112,0
0.360972206,0.319703471,0.159108848,0.152242003,0.007973473,0
0.317751243,0.213019272,0.279779075,0.17952153,0.00992888,0
0.379210585,0.212611324,0.223993937,0.1593054,0.024878754,0
0.353864979,0.338283445,0.187727284,0.098644655,0.021479636,0
0.424264618,0.277558337,0.193398035,0.074897573,0.029881437,0
0.404344196,0.308553361,0.192066916,0.072892003,0.022143524,0
0.422241942,0.297496189,0.193264853,0.065986103,0.021010913,0
0.572700742,0.121276423,0.209564329,0.070570818,0.025887688,0
0.589196003,0.118755838,0.199359063,0.073539724,0.019149373,0
0.622584793,0.091279541,0.187376396,0.077769571,0.020989699,0
0.594471245,0.1546036,0.168365321,0.067327154,0.015232681,0
0.485669489,0.271332936,0.105106938,0.098468507,0.039422131,0
0.51464653,0.2940088,0.084338063,0.048683349,0.058323258,0
0.444771453,0.384477941,0.069694552,0.041173284,0.059882769,0
0.378800572,0.42613067,0.054662527,0.081750429,0.058655802,0
0.443808572,0.41276007,0.01139155,0.085384087,0.046655721,0
0.443835962,0.401483637,0.041564341,0.073780512,0.039335549,0
0.466860468,0.343257634,0.071471913,0.085896625,0.032513361,0
0.498849152,0.303192302,0.077995044,0.095143556,0.024819946,0
0.523267691,0.2748214,0.064407324,0.116710204,0.020793381,0
0.530335783,0.305554706,0.060543489,0.089438631,0.014127391,0
0.462951812,0.353396332,0.118206588,0.053248858,0.01219641,0
0.429947687,0.316434017,0.146058704,0.097601177,0.009958415,0
0.203337973,0.486440602,0.110405772,0.177340782,0.022474871,0
0.128799092,0.590531689,0.051583728,0.185961246,0.043124246,0
0.357766107,0.385818291,0.061459326,0.154939497,0.040016779,0
0.505246782,0.25139027,0.074154646,0.133735411,0.035472891,0
0.635444676,0.114704974,0.095289298,0.12224374,0.032317312,0
0.682630467,0.025276545,0.148486798,0.114213007,0.029393183,0
0.627195228,0.097730995,0.147962747,0.103305256,0.023805773,0
0.347544207,0.358788289,0.123378659,0.117769179,0.052519666,0
0.308901269,0.439788442,0.118256988,0.061040661,0.072012641,0
0.345048927,0.418899672,0.112712481,0.061190795,0.062148126,0
0.30618768,0.448968329,0.104314415,0.09255209,0.047977486,0
0.247853071,0.527817228,0.067154129,0.110261631,0.046913943,0
0.32030051,0.488012836,0.036149023,0.117358789,0.038178842,0
0.358872583,0.41883275,0.066104175,0.129591313,0.026599179,0
0.354076932,0.356213633,0.12133911,0.154325082,0.014045243,0
0.430542408,0.275700432,0.159957083,0.128130567,0.005669509,0
0.52672947,0.20967209,0.16771694,0.076816341,0.019065159,0
0.531830931,0.137981091,0.201422093,0.094120294,0.03464559,0
0.422688927,0.242914286,0.206763088,0.098548887,0.029084811,0
0.329631734,0.30564130900000003,0.249744437,0.075800027,0.039182494,0
0.269792706,0.324659912,0.275817458,0.075552061,0.054177863,0
0.234018348,0.377300392,0.263431846,0.076665053,0.048584361,0
0.352880888,0.233192603,0.277458473,0.084422182,0.052045855,0
0.455279584,0.192824273,0.237305804,0.066982977,0.047607362,0
0.507328318,0.166625753,0.207302107,0.075494173,0.043249648,0
0.602336254,0.069045562,0.182527736,0.103807069,0.042283378,0
0.628031129,0.07716559,0.160156906,0.093172849,0.041473526,0
0.6309238,0.092236536,0.147736575,0.084696717,0.044406372,0
0.327580639,0.368536976,0.137870369,0.117735079,0.048276937,0
0.311847881,0.434499265,0.121439275,0.059261191,0.072952388,0
0.325090607,0.43014526,0.116194843,0.0643837,0.064185591,0
0.298064149,0.448073047,0.106394994,0.097860694,0.049607116,0
0.284016932,0.4822324,0.075390228,0.11179937,0.04656107,0
0.330614894,0.466144574,0.047515362,0.115389693,0.040335477,0
0.392503523,0.405392913,0.039790443,0.131212143,0.031100979,0
0.372782951,0.352353669,0.098250116,0.156074307,0.020538958,0
0.379558508,0.311943369,0.155151883,0.144013064,0.009333176,0
0.416359712,0.248596711,0.205312538,0.11418281499999999,0.015548225,0
0.378842356,0.208670849,0.270626735,0.113743278,0.028116782,0
0.287620431,0.310755284,0.274670552,0.108734261,0.018219472,0
0.265910457,0.286765552,0.317069302,0.1083307,0.021923988,0
0.300890649,0.24602326,0.324485287,0.101032618,0.027568186,0
0.341065498,0.256344282,0.289319764,0.08768388,0.025586576,0
0.453495978,0.123908167,0.302894727,0.089843123,0.029858005,0
0.522121415,0.102207033,0.277164386,0.067368319,0.031138847,0
0.568156634,0.074169309,0.258098807,0.072004569,0.02757068,0
0.555238637,0.143484755,0.207174415,0.069793371,0.024308822,0
0.368224636,0.354700997,0.15672602,0.059236494,0.061111853,0
0.301598936,0.453178575,0.147051939,0.036844839,0.061325712,0
0.148333437,0.555205474,0.156780675,0.066608202,0.073072212,0
0.191249956,0.540546036,0.13507014,0.078065814,0.055068054,0
0.270516525,0.518690548,0.107678329,0.073704366,0.029410232,0
0.242838764,0.479127828,0.164498197,0.095703822,0.017831389,0
0.289715496,0.34266476,0.225239805,0.119405266,0.022974673,0
0.209112625,0.36234438,0.279025016,0.133149376,0.016368603,0
0.250397583,0.317031535,0.333070574,0.091008438,0.008491871,0
0.34584331,0.21267105,0.381636521,0.052807376,0.007041744,0
0.552771664,0.142699653,0.243100122,0.03642406,0.025004502,1
0.561129802,0.135182694,0.233482594,0.045038154,0.025166756,1
0.576014638,0.131160175,0.226242115,0.044721287,0.021861785,1
0.581700767,0.133100065,0.221540713,0.04381808,0.019840374,1
0.585416054,0.128081066,0.223950607,0.043994694,0.01855758,1
0.600293243,0.127518513,0.216911716,0.042671409,0.012605119,1
0.604149034,0.134740328,0.20730527,0.041442818,0.012362549,1
0.620434562,0.142501345,0.18318289,0.042567427,0.011313776,1
0.631817718,0.155063017,0.165498115,0.040792368,0.006828782,1
0.650381032,0.157753389,0.141163548,0.036092436,0.014609594,1
0.660032798,0.152967484,0.138468318,0.041252879,0.00727852,1
0.669684724,0.162224696,0.119889352,0.03301749,0.015183738,1
0.666668264,0.166390717,0.113336264,0.039460757,0.014143998,1
0.629171542,0.139298141,0.106271072,0.067089018,0.058170227,1
0.590383137,0.073044713,0.113814072,0.127767595,0.094990483,1
0.353393655,0.339692484,0.24811208,0.045035079,0.013766702,1
0.362282487,0.307165362,0.25688584,0.058932077,0.014734234,1
0.396060696,0.290536523,0.254910211,0.051104425,0.007388145,1
0.418437712,0.290624091,0.242018899,0.04704467,0.001874629,1
0.442431961,0.27770284,0.228966708,0.045985459,0.004913031,1
0.462225633,0.26761765,0.220115645,0.044915112,0.00512596,1
0.484685513,0.269648496,0.202457108,0.039088516,0.004120367,1
0.493329903,0.282696094,0.194644981,0.025119697,0.004209325,1
0.498582221,0.290250112,0.182153438,0.023579027,0.005435202,1
0.507039998,0.29053972,0.174109316,0.021624237,0.006686728,1
0.522955983,0.284365485,0.162291696,0.025305666,0.005081169,1
0.53921556,0.275636008,0.149257862,0.031740835,0.004149735,1
0.542609075,0.275725028,0.142541516,0.035723334,0.003401047,1
0.563721307,0.266370999,0.134147684,0.032980906,0.002779104,1
0.581740332,0.255235176,0.134820553,0.021240019,0.00696392,1
0.599642946,0.24680102,0.131340279,0.015994023,0.006221732,1
0.605910134,0.245750558,0.122684743,0.015648352,0.010006213,1
0.630126988,0.229799318,0.114857795,0.020506467,0.004709432,1
0.652115499,0.213889402,0.104563291,0.02518951,0.004242298,1
0.677893654,0.196813719,0.09506051,0.023074918,0.007157199,1
0.651822436,0.094842724,0.057364115,0.049867185,0.146103539,1
0.35191574,0.369871202,0.237900224,0.025665606,0.014647228,1
0.342295582,0.36314884,0.252351392,0.025459165,0.01674502,1
0.348155899,0.355139821,0.24479808,0.037622351,0.014283849,1
0.368147396,0.340202228,0.234558868,0.04539397,0.011697537,1
0.393438511,0.329087155,0.227566286,0.03784645,0.012061597,1
0.420621894,0.307203557,0.22047425,0.041359874,0.010340424,1
0.428700381,0.308831492,0.213890975,0.042394178,0.006182975,1
0.427291426,0.330303056,0.198125474,0.040644188,0.003635857,1
0.4228557,0.345530243,0.186162281,0.039194063,0.006257713,1
0.412918807,0.365574432,0.172496863,0.041033637,0.007976261,1
0.409076214,0.38914712,0.160449246,0.035032972,0.006294447,1
0.403900957,0.401484096,0.155316779,0.032104627,0.007193541,1
0.421081417,0.383034789,0.153913898,0.036926807,0.00504309,1
0.442803912,0.356786004,0.160170178,0.037621976,0.00261793,1
0.474693143,0.334680093,0.146699847,0.039930177,0.00399674,1
0.488818728,0.309850811,0.145193613,0.041795233,0.014341616,1
0.516439316,0.308707222,0.134913897,0.03376777,0.006171794,1
0.533991546,0.294776058,0.128714468,0.037605275,0.004912653,1
0.577774606,0.257235201,0.127278656,0.029892474,0.007819064,1
0.605848962,0.114607049,0.106619903,0.086804908,0.086119178,1
0.303939713,0.342036944,0.262613338,0.077995241,0.013414764,1
0.323572522,0.302049601,0.2853559,0.072918403,0.016103574,1
0.367538949,0.282589274,0.283191782,0.054468511,0.012211484,1
0.395878361,0.276625315,0.283496267,0.036376798,0.007623259,1
0.431212784,0.25973836,0.265801483,0.034794823,0.008452549,1
0.478639116,0.212352385,0.258422744,0.039122634,0.011463121,1
0.502120607,0.199470117,0.241139804,0.047082307,0.010187165,1
0.510124387,0.214297405,0.217884816,0.049945432,0.007747959,1
0.51055143,0.228656286,0.20204659,0.050665151,0.008080543,1
0.522755749,0.234116837,0.189493743,0.048314524,0.005319147,1
0.528583284,0.245419476,0.172128696,0.048025371,0.005843173,1
0.523964833,0.264586252,0.165445939,0.041261777,0.004741199,1
0.536648369,0.265987466,0.159738024,0.032685707,0.004940434,1
0.552507533,0.261043268,0.156323222,0.027070085,0.003055892,1
0.578838571,0.24429917,0.15031838,0.022719146,0.003824733,1
0.580281792,0.250993577,0.13999488400000001,0.022200366,0.006529381,1
0.594295719,0.251213566,0.122783896,0.026475875,0.005230945,1
0.611956259,0.242933606,0.114500018,0.023827797,0.006782321,1
0.632294652,0.23512326,0.106660895,0.016801039,0.009120154,1
0.648250495,0.230951834,0.099352928,0.014064943,0.0073798,1
0.671748976,0.120673629,0.113701437,0.039207632,0.054668325,1
0.338369308,0.346551711,0.226012855,0.073343606,0.01572252,1
0.375358257,0.315698796,0.227028799,0.06779574,0.014118408,1
0.433495623,0.278038064,0.225479571,0.056604597,0.006382146,1
0.477965358,0.256382748,0.213595747,0.048263471,0.003792676,1
0.511539082,0.234296621,0.204139833,0.046278989,0.003745475,1
0.55169047,0.203482787,0.195706683,0.045811546,0.003308514,1
0.586110014,0.174435595,0.184285349,0.048347581,0.006821462,1
0.595249883,0.172264894,0.17093397,0.054465153,0.0070861,1
0.593070529,0.183468253,0.157866143,0.055577747,0.010017329,1
0.597128168,0.190438826,0.15013179199999999,0.053522255,0.008778959,1
0.600371886,0.194923299,0.147414729,0.051940216,0.005349871,1
0.60967244,0.196578696,0.139914904,0.048634151,0.005199808,1
0.616890933,0.193432087,0.136881118,0.04872852,0.004067342,1
0.621618095,0.194026864,0.132715624,0.046975697,0.00466372,1
0.630652313,0.191803491,0.127337689,0.042857328,0.007349181,1
0.65326445,0.183387978,0.120579077,0.039245193,0.003523302,1
0.659793733,0.197038636,0.106603708,0.033008329,0.003555595,1
0.685671301,0.18213222,0.096478593,0.033555833,0.002162053,1
0.700198376,0.178485096,0.086247219,0.032724146,0.002345164,1
0.714266554,0.174678121,0.075921556,0.032341857,0.002791912,1
0.726227178,0.176222088,0.070853461,0.018235243,0.008462029,1
0.743930925,0.174695599,0.064307294,0.008968417,0.008097766,1
0.760586657,0.166366979,0.060993319,0.004427846,0.007625199,1
0.770101476,0.159924423,0.058247649,0.006310309,0.005416144,1
0.812799082,0.08099989,0.052633591,0.033756984,0.019810454,1
0.35417327,0.335461991,0.193301083,0.105029259,0.012034397,1
0.391427822,0.32019555,0.188734524,0.090818014,0.008824089,1
0.454141274,0.287886486,0.182557232,0.066225684,0.009189323,1
0.500597092,0.265225244,0.172466714,0.052451456,0.009259494,1
0.526482703,0.25424647,0.16447746,0.045208953,0.009584413,1
0.556269652,0.234532062,0.155907912,0.045482426,0.007807948,1
0.588467671,0.199201414,0.15207585,0.052085241,0.008169825,1
0.627778997,0.158440154,0.14509754,0.06013766,0.008545649,1
0.653323004,0.132933961,0.13925502,0.067294624,0.00719339,1
0.654641051,0.126519565,0.140284297,0.072567212,0.005987876,1
0.653479554,0.133302117,0.135474142,0.073380986,0.004363201,1
0.656667796,0.134627856,0.132417791,0.071784562,0.004501996,1
0.659926857,0.135981924,0.129828383,0.069250195,0.005012641,1
0.664476368,0.135588156,0.127674578,0.066418128,0.005842769,1
0.66418979,0.143118663,0.122143223,0.06543667,0.005111655,1
0.664767358,0.149700403,0.115445897,0.063693477,0.006392864,1
0.669714794,0.157094713,0.104459033,0.059553331,0.00917813,1
0.684734295,0.1601164,0.093324524,0.052720653,0.009104128,1
0.697063898,0.159801529,0.087906309,0.049784531,0.005443733,1
0.709037023,0.160538755,0.080038931,0.045356032,0.005029258,1
0.70698959,0.168724882,0.074231814,0.044542035,0.00551168,1
0.719385518,0.173613759,0.066949721,0.0263559,0.013695102,1
0.728662242,0.174384473,0.063097918,0.026163161,0.007692206,1
0.741431974,0.168936185,0.064111987,0.019072068,0.006447787,1
0.755302053,0.165607518,0.055406579,0.014335694,0.009348156,1
0.746605431,0.165761855,0.057966675,0.01748728,0.012178759,1
0.589506567,0.127802132,0.141638626,0.064682846,0.076369828,1
0.274740279,0.360891163,0.260291067,0.098634345,0.005443146,1
0.328911912,0.311296694,0.258098799,0.093014511,0.008678083,1
0.394073853,0.26920927100000003,0.247930965,0.075922761,0.012863149,1
0.442516416,0.244412644,0.230086042,0.070491362,0.012493538,1
0.485712597,0.221725399,0.21239924,0.066850468,0.013312296,1
0.536573527,0.178946742,0.197710105,0.071343015,0.015426611,1
0.584487588,0.138397848,0.185421805,0.07549029,0.016202469,1
0.608306284,0.128011058,0.170625903,0.0807653,0.012291455,1
0.609221471,0.143358096,0.155346086,0.081906518,0.01016783,1
0.612640823,0.155420697,0.144104469,0.083556055,0.004277957,1
0.617937574,0.161652942,0.13758632,0.079518155,0.003305009,1
0.624891227,0.166154911,0.128931949,0.076130121,0.003891792,1
0.627596566,0.173216654,0.124996618,0.06836785,0.005822313,1
0.632730359,0.175950392,0.121921748,0.063939995,0.005457505,1
0.639755359,0.174005553,0.120039743,0.060759308,0.005440038,1
0.651549203,0.174627687,0.107623641,0.058440383,0.007759086,1
0.666615547,0.174513666,0.093681547,0.056462032,0.008727209,1
0.678019549,0.17822694,0.083567315,0.050979284,0.009206912,1
0.693925696,0.173618298,0.07762205,0.045593528,0.009240428,1
0.711487838,0.173995092,0.066748962,0.039874226,0.007893882,1
0.719357127,0.17188153,0.061805747,0.035551125,0.011404471,1
0.727388954,0.178732454,0.05522624,0.029276023,0.00937633,1
0.744454949,0.172716487,0.054888315,0.017481081,0.010459168,1
0.787114505,0.08881933,0.046511256,0.038464316,0.039090594,1
0.26265292,0.362817941,0.25947895,0.101676903,0.013373287,1
0.319096367,0.326245994,0.263155935,0.083376176,0.008125527,1
0.397713993,0.266071149,0.253074643,0.072543652,0.010596563,1
0.464573963,0.228364338,0.233895623,0.063402199,0.009763878,1
0.503913965,0.205550773,0.218020647,0.062034827,0.010479788,1
0.546764836,0.176968022,0.19783489,0.06789246,0.010539791,1
0.593297697,0.137400278,0.182418622,0.074318474,0.012564928,1
0.629135129,0.11476236,0.163114017,0.07994929,0.013039204,1
0.635923776,0.118187285,0.15291207,0.084537915,0.008438954,1
0.627394344,0.143510461,0.138614033,0.083152121,0.007329041,1
0.629417098,0.152813103,0.132712892,0.082881611,0.002175296,1
0.630913234,0.157591208,0.127136585,0.081259675,0.003099298,1
0.630974839,0.163239547,0.122445932,0.07718546,0.006154221,1
0.639019528,0.16467187,0.120944357,0.069595903,0.005768341,1
0.644646259,0.169637607,0.116628369,0.061578221,0.007509544,1
0.657124039,0.173129143,0.106459651,0.056918437,0.00636873,1
0.66268425,0.17785767,0.094465695,0.056409444,0.008582941,1
0.674520081,0.179474733,0.081917122,0.054706204,0.009381859,1
0.692727377,0.172611767,0.076213556,0.049945683,0.008501617,1
0.704177484,0.174046935,0.067795141,0.044269284,0.009711155,1
0.707274188,0.181448675,0.062521006,0.038218603,0.010537529,1
0.705527226,0.188752378,0.061706246,0.034769313,0.009244837,1
0.720452336,0.179489776,0.059249244,0.030909827,0.009898818,1
0.740477198,0.169260645,0.056071627,0.024480657,0.009709872,1
0.755437673,0.163687215,0.057300283,0.014495992,0.009078837,1
0.76150172,0.16781647,0.054960917,0.010080204,0.005640689,1
0.812205606,0.103976873,0.04050857,0.027621263,0.015687688,1
0.244857422,0.39805567,0.241465722,0.084570752,0.031050435,1
0.277673971,0.3678508,0.266845938,0.079097871,0.008531419,1
0.359342726,0.289539117,0.264083069,0.071951489,0.015083599,1
0.420332066,0.25457216,0.24354593,0.063321018,0.018228826,1
0.465356735,0.234678804,0.21981257,0.062438856,0.017713034,1
0.511944906,0.203410361,0.2018557,0.062273216,0.020515818,1
0.56126867,0.168377229,0.185037464,0.063042284,0.022274352,1
0.579769913,0.170300661,0.161288775,0.06624917,0.022391481,1
0.581624497,0.192852355,0.143735919,0.064874204,0.016913025,1
0.586046624,0.207306876,0.130989146,0.063263422,0.012393933,1
0.593253187,0.215919421,0.125218252,0.061598967,0.004010174,1
0.606800845,0.214437952,0.118149711,0.058172454,0.002439038,1
0.609857817,0.216090725,0.115000807,0.053442902,0.005607749,1
0.61979338,0.216806954,0.112223829,0.043549312,0.007626525,1
0.623577826,0.214113519,0.110311599,0.043161499,0.008835556,1
0.635698984,0.212526928,0.101732532,0.042772019,0.007269537,1
0.642110438,0.208840985,0.094396791,0.042990396,0.01166139,1
0.651543987,0.212395611,0.083604432,0.039065498,0.013390472,1
0.670354256,0.20654839,0.074457516,0.03688154,0.011758297,1
0.683693913,0.206235708,0.066006598,0.030955251,0.01310853,1
0.694513361,0.201445111,0.063688053,0.028066687,0.012286788,1
0.700582136,0.202087778,0.061098814,0.025272015,0.010959258,1
0.720804658,0.189234423,0.062573747,0.017169024,0.010218149,1
0.739404557,0.171901461,0.050761129,0.02441562,0.013517232,1
0.257822215,0.394076523,0.212313947,0.089881098,0.045906216,1
0.340833096,0.343159844,0.237479304,0.070951782,0.007575973,1
0.422393056,0.274971328,0.236080638,0.055721172,0.010833806,1
0.49180091,0.229490356,0.217864494,0.050132549,0.010711692,1
0.533473144,0.20755599,0.196214723,0.052188771,0.010567372,1
0.569990347,0.183004742,0.179215215,0.055261114,0.012528582,1
0.618291639,0.143336462,0.165412677,0.058755949,0.014203272,1
0.650984748,0.11677727,0.150546431,0.065529529,0.016162022,1
0.658192044,0.124017151,0.135776503,0.068787759,0.013226543,1
0.64885786,0.144177069,0.126596346,0.069765687,0.010603038,1
0.644419924,0.160004088,0.120534134,0.068717542,0.006324311,1
0.643738734,0.168200177,0.117439668,0.068754414,0.001867006,1
0.645334366,0.174887602,0.112485161,0.064907299,0.002385572,1
0.649905832,0.175060834,0.111033137,0.060014454,0.003985743,1
0.653353292,0.178893238,0.109706656,0.052446551,0.005600263,1
0.658891042,0.186001977,0.099661917,0.051418034,0.004027031,1
0.665467861,0.189871248,0.088176877,0.049439999,0.007044015,1
0.683073694,0.187887608,0.074258276,0.048188409,0.006592013,1
0.692378861,0.186574426,0.069029003,0.041810073,0.010207637,1
0.709345975,0.187675977,0.056987011,0.037619245,0.008371792,1
0.706961185,0.190168893,0.058002212,0.034482662,0.010385048,1
0.712642339,0.188305828,0.05954165,0.028992957,0.010517226,1
0.723041864,0.188112528,0.054436391,0.024233875,0.010175342,1
0.738154062,0.176870584,0.056924475,0.018548998,0.00950188,1
0.754822423,0.168653306,0.057268161,0.007559449,0.011696661,1
0.758575357,0.166099157,0.058614355,0.007461312,0.00924982,1
0.594593096,0.141513608,0.10411542,0.076120418,0.083657458,1
0.306025058,0.365006429,0.264422181,0.057990628,0.006555704,1
0.340409894,0.317570597,0.273070667,0.059053687,0.009895155,1
0.411037478,0.271557452,0.254888153,0.047343545,0.015173372,1
0.451015618,0.263470684,0.226218138,0.044249916,0.015045644,1
0.485372578,0.246337265,0.196567588,0.051653796,0.020068773,1
0.531462629,0.219518614,0.173208337,0.05478467,0.021025751,1
0.556988721,0.212476867,0.151641537,0.05686763,0.022025245,1
0.559246562,0.226132195,0.131676568,0.05950339,0.023441285,1
0.563795236,0.234185486,0.121343237,0.059036098,0.021639942,1
0.572405578,0.238632699,0.114523893,0.05867396,0.01576387,1
0.591102389,0.236071726,0.113159353,0.052011281,0.007655252,1
0.636203946,0.212093752,0.105139621,0.044955401,0.00160728,1
0.649392919,0.203861484,0.105588992,0.033003684,0.00815292,1
0.635351015,0.220185799,0.10726027,0.030143687,0.007059228,1
0.648871422,0.20753645,0.103077847,0.032706329,0.007807951,1
0.656152803,0.200996067,0.096990105,0.035506642,0.010354384,1
0.655088879,0.211669565,0.090795516,0.030696329,0.011749711,1
0.680109768,0.199221331,0.08305157,0.022728098,0.014889234,1
0.703283334,0.189525324,0.077739502,0.018808502,0.010643338,1
0.705287773,0.192399387,0.073082285,0.017630326,0.011600229,1
0.700937683,0.198121726,0.071684507,0.016314566,0.012941518,1
0.71112469,0.191914648,0.073081546,0.009731949,0.014147167,1
0.72189658,0.184608177,0.075180225,0.004024768,0.014290251,1
0.725899906,0.185467938,0.070490991,0.006045828,0.012095337,1
0.729603467,0.179250599,0.072747679,0.009547894,0.008850361,1
0.682339111,0.134534053,0.09226182,0.031489048,0.059375967,1
0.427846964,0.320745957,0.116792494,0.112828543,0.021786043,1
0.523241972,0.281641388,0.125940845,0.054382752,0.014793042,1
0.594233478,0.228001682,0.112857119,0.047180871,0.01772685,1
0.6910303,0.215579299,0.031079273,0.050280249,0.012030879,1
0.711284483,0.196414481,0.026094016,0.045829058,0.020377961,1
0.73856245,0.17980694,0.011022356,0.054825382,0.015782873,1
0.746893081,0.151666851,0.029038214,0.060317978,0.012083876,1
0.743334576,0.146822642,0.036798927,0.059233492,0.013810363,1
0.73182757,0.142714449,0.0457875,0.062992938,0.016677543,1
0.71828963,0.137502675,0.050876309,0.071398275,0.021933111,1
0.698879232,0.141684973,0.055677714,0.075452156,0.028305924,1
0.677429488,0.165260979,0.054084613,0.077054464,0.026170456,1
0.663522297,0.181412046,0.056400208,0.073326589,0.02533886,1
0.67144052,0.171970965,0.063405819,0.070617543,0.022565153,1
0.680888576,0.165157507,0.075753653,0.06728231,0.010917954,1
0.677089134,0.166824454,0.080870576,0.062296013,0.012919822,1
0.655571675,0.178267049,0.090989865,0.066065928,0.009105484,1
0.646159213,0.190647833,0.098790105,0.060519916,0.003882933,1
0.649742416,0.177579001,0.110290183,0.056922874,0.005465527,1
0.654076146,0.177222742,0.115540684,0.048650089,0.004510339,1
0.630933055,0.199799347,0.121012204,0.042746189,0.005509205,1
0.620915505,0.216070236,0.115729687,0.04320673,0.004077841,1
0.627428378,0.211975661,0.116167905,0.038300427,0.006127629,1
0.630746112,0.212267265,0.119570152,0.032098618,0.005317853,1
0.634025375,0.215708642,0.122013084,0.018767654,0.009485245,1
0.629634882,0.222416972,0.123447711,0.017010538,0.007489896,1
0.627339736,0.221761558,0.122755815,0.015588559,0.012554332,1
0.633259498,0.211571393,0.133324303,0.011479968,0.010364838,1
0.64789387,0.19541821,0.133130902,0.009102715,0.014454304,1
0.661745062,0.182542581,0.138755383,0.007984374,0.0089726,1
0.5780964,0.13847988,0.124385025,0.065353709,0.093684986,1
0.455367074,0.269762305,0.180588165,0.081467084,0.012815372,1
0.497545264,0.228434983,0.178057929,0.080357253,0.015604572,1
0.571083726,0.170180691,0.172586535,0.065859714,0.020289334,1
0.620093826,0.148740696,0.154641192,0.057791831,0.018732455,1
0.637998991,0.143008028,0.143521635,0.053698495,0.021772851,1
0.661280006,0.127572587,0.135083518,0.048733034,0.027330855,1
0.684299801,0.108709215,0.127334078,0.042548693,0.037108213,1
0.700167193,0.100883665,0.120678651,0.044824901,0.033445589,1
0.704454884,0.114550827,0.112053888,0.049304019,0.019636381,1
0.694342374,0.133553356,0.108081423,0.048909924,0.015112922,1
0.688101685,0.147106955,0.105503125,0.047470444,0.011817791,1
0.688135469,0.154434347,0.106016984,0.043959703,0.007453498,1
0.689516979,0.151924817,0.105683583,0.044008026,0.008866596,1
0.687730682,0.153334126,0.10585648,0.042385289,0.010693424,1
0.689811831,0.153740579,0.103353235,0.040822583,0.012271773,1
0.684814441,0.165777384,0.098253698,0.040276394,0.010878083,1
0.686746179,0.169397638,0.088119987,0.040208889,0.015527307,1
0.693044964,0.166758776,0.083888489,0.041578193,0.014729579,1
0.70279081,0.163888961,0.079059725,0.039196536,0.015063968,1
0.70429941,0.170248993,0.074954428,0.03568259,0.014814579,1
0.700770814,0.18117695,0.068483502,0.033517418,0.016051315,1
0.71421077,0.179797811,0.063767422,0.027298457,0.01492554,1
0.722982426,0.16823022,0.065892909,0.024412893,0.018481552,1
0.734886758,0.170786751,0.06140948,0.019470534,0.013446477,1
0.737824058,0.175188936,0.059100244,0.007669306,0.020217456,1
0.760420349,0.166586164,0.053443259,0.007616875,0.011933352,1
0.767816323,0.159639593,0.049444625,0.010079415,0.013020044,1
0.799615041,0.137324916,0.041518084,0.007785658,0.013756301,1
0.835315254,0.113859198,0.032508869,0.011018172,0.007298507,1
0.384355725,0.28097397,0.126129497,0.114691918,0.09384889,1
0.411337073,0.323086875,0.179022469,0.078626805,0.007926778,1
0.455991905,0.272456834,0.182508095,0.074866775,0.014176391,1
0.500824486,0.236679106,0.17821574,0.067144918,0.017135751,1
0.529986327,0.221035628,0.174209681,0.058489914,0.01627845,1
0.559657578,0.205836599,0.168767761,0.048841416,0.016896646,1
0.602914321,0.177147631,0.162184096,0.041766249,0.015987703,1
0.621014437,0.173475185,0.150599607,0.038953457,0.015957314,1
0.627342435,0.185683895,0.136359662,0.038174883,0.012439125,1
0.631880418,0.197429946,0.126169408,0.037174147,0.007346082,1
0.638717874,0.200211329,0.12504169,0.033156043,0.002873064,1
0.638558736,0.204979692,0.123193082,0.029303122,0.003965368,1
0.639122059,0.204127386,0.11957466,0.03042623,0.006749665,1
0.643743371,0.202787756,0.118502238,0.027597094,0.007369542,1
0.645805341,0.201906621,0.11693428,0.02922168,0.006132078,1
0.654758191,0.198103426,0.114479653,0.025217608,0.007441122,1
0.668846027,0.191222088,0.108621543,0.021129887,0.010180454,1
0.68178053,0.191267807,0.099457521,0.017365594,0.010128549,1
0.690917423,0.187362421,0.093906197,0.018718707,0.009095252,1
0.706258092,0.179131483,0.082829767,0.021720678,0.01005998,1
0.71508269,0.174365173,0.082051189,0.018889047,0.009611901,1
0.725878963,0.178913602,0.072557629,0.012832435,0.009817371,1
0.742658654,0.170774918,0.069564576,0.005868109,0.011133742,1
0.75983248,0.160199756,0.065150456,0.005414397,0.009402911,1
0.772946867,0.145046958,0.064927993,0.007971596,0.009106586,1
0.774010499,0.146350458,0.062629518,0.005767628,0.011241897,1
0.797632687,0.131296798,0.054264738,0.009483371,0.007322405,1
0.805169564,0.121459889,0.050826072,0.015052174,0.007492301,1
0.809254406,0.114169681,0.038466951,0.019611843,0.018497118,1
0.295133359,0.387523217,0.229796336,0.061398949,0.02614814,1
0.328866817,0.358341374,0.258382134,0.050960409,0.003449266,1
0.395846248,0.293701223,0.251178637,0.047356609,0.011917283,1
0.444266299,0.274500578,0.223827569,0.042344431,0.015061122,1
0.478157725,0.267330655,0.199430499,0.041354117,0.013727003,1
0.520244135,0.24470841,0.181875123,0.039569709,0.013602623,1
0.550701604,0.230319175,0.164102063,0.040668323,0.014208835,1
0.563411111,0.233404552,0.143170217,0.04573771,0.01427641,1
0.563169569,0.246763326,0.130382455,0.048631366,0.011053285,1
0.57296653,0.251759864,0.122704516,0.046009209,0.006559881,1
0.588079803,0.248838528,0.116670169,0.042630634,0.003780866,1
0.602260866,0.239555247,0.116126715,0.038038397,0.004018775,1
0.610049119,0.23435837,0.11654613900000001,0.032856229,0.006190142,1
0.619583625,0.22892966,0.116841071,0.027627969,0.007017676,1
0.628219659,0.220792331,0.112632864,0.029082112,0.009273034,1
0.632573161,0.221820979,0.108261279,0.029160428,0.008184154,1
0.640848331,0.22030021,0.101052772,0.027976072,0.009822615,1
0.654600741,0.215005069,0.098017264,0.020745381,0.011631545,1
0.664972483,0.214155154,0.08828703,0.021289555,0.011295779,1
0.676691367,0.212176567,0.083896562,0.018610582,0.008624922,1
0.686434678,0.207489569,0.07885783,0.017899698,0.009318224,1
0.697494486,0.198961952,0.076495751,0.015922345,0.011125466,1
0.710013506,0.193426998,0.081938285,0.005390951,0.00923026,1
0.724964143,0.184694922,0.076621826,0.004775,0.008944109,1
0.722720615,0.184529049,0.07947246,0.006434012,0.006843864,1
0.734851995,0.176290199,0.075697718,0.007471611,0.005688478,1
0.742990471,0.161275092,0.077517258,0.009835101,0.008382078,1
0.747827101,0.151227893,0.078001559,0.013443136,0.0095003110000000009,1
0.760548635,0.135182036,0.067637429,0.022014068,0.014617831,1
0.751903899,0.128855163,0.090492916,0.018101986,0.010646036,1
0.286004533,0.386693405,0.226625431,0.04927459,0.051402041,1
0.308736523,0.366125894,0.274487609,0.042636292,0.008013682,1
0.370767553,0.295514437,0.275855999,0.04157092,0.016291091,1
0.409116554,0.279945338,0.246434071,0.044708632,0.019795404,1
0.443062231,0.27200061,0.22033428,0.048213053,0.016389825,1
0.486245176,0.245644596,0.200977403,0.051343361,0.015789463,1
0.524247988,0.226512274,0.179276188,0.054830338,0.015133212,1
0.538568047,0.231715344,0.157376763,0.056716288,0.015623558,1
0.546158196,0.240550209,0.143776205,0.057544934,0.011970456,1
0.554690072,0.247705316,0.134478797,0.055953429,0.007172386,1
0.573329737,0.244013384,0.131554647,0.049241036,0.001861195,1
0.591282545,0.233256008,0.128528247,0.043283938,0.003649261,1
0.595406751,0.236965391,0.125550833,0.035790634,0.006286391,1
0.60598031,0.234976821,0.123214442,0.026379491,0.009448936,1
0.617283742,0.230367801,0.119445107,0.02245691,0.010446439,1
0.622333778,0.231847906,0.112754347,0.024864058,0.008199911,1
0.636596453,0.22330546,0.106553593,0.024024839,0.009519655,1
0.648990221,0.211340496,0.106916711,0.018278004,0.014474568,1
0.659112838,0.21308976,0.097768811,0.017389443,0.012639148,1
0.667679797,0.21272933,0.095428678,0.010281744,0.013880451,1
0.673631346,0.211761701,0.093298071,0.010240639,0.011068244,1
0.680570053,0.211297909,0.092229057,0.006564057,0.009338925,1
0.68949458,0.200689115,0.091739982,0.007406286,0.010670038,1
0.694503322,0.193667125,0.092713184,0.010159627,0.008956742,1
0.706684112,0.188268177,0.089603273,0.007980557,0.007463881,1
0.708105287,0.189733194,0.086238998,0.009179608,0.006742912,1
0.724312718,0.172556858,0.088236758,0.010394087,0.004499579,1
0.729070121,0.157559799,0.09153412,0.014923142,0.006912818,1
0.732319106,0.150104421,0.092624293,0.016829336,0.008122844,1
0.734616655,0.134483846,0.086392086,0.028955307,0.015552106,1
0.276649269,0.383199111,0.224503035,0.06365379,0.051994796,1
0.283533769,0.366067433,0.285542908,0.053175662,0.011680227,1
0.353816494,0.299702089,0.27562916,0.053295327,0.017556929,1
0.410062026,0.266035171,0.249521141,0.054666209,0.019715453,1
0.453636453,0.250585006,0.221830953,0.056007525,0.017940062,1
0.50598367,0.222863113,0.197462554,0.055404704,0.018285959,1
0.550427955,0.200477842,0.176088037,0.052469405,0.020536761,1
0.56829301,0.202487691,0.154925819,0.052634766,0.021658714,1
0.57546506100000006,0.221298288,0.135655774,0.05327541,0.014305466,1
0.585036562,0.228131185,0.125239527,0.051809272,0.009783454,1
0.598945731,0.228203555,0.121988858,0.046597543,0.004264313,1
0.613328073,0.220613338,0.117501115,0.040920021,0.007637453,1
0.621676928,0.214954196,0.115690658,0.036656221,0.011021998,1
0.62871285,0.210833035,0.117143019,0.03147654,0.011834557,1
0.630949285,0.20783204,0.11783783,0.028710952,0.014669893,1
0.642321158,0.206226588,0.11262672,0.025662165,0.013163369,1
0.652003307,0.201297048,0.107251176,0.026916119,0.01253235,1
0.65888242,0.201533979,0.098590476,0.023919802,0.017073323,1
0.676428515,0.195595985,0.091517243,0.02244429,0.014013967,1
0.684306689,0.194772619,0.08652674,0.019501995,0.014891958,1
0.688867282,0.196088773,0.08374899,0.0165968,0.014698155,1
0.697898825,0.194267841,0.082893011,0.010860765,0.014079558,1
0.70807664,0.185587418,0.080086964,0.010954966,0.015294013,1
0.723207727,0.174107361,0.080398061,0.00871439,0.01357246,1
0.722203313,0.175903164,0.079802658,0.006317804,0.015773061,1
0.730505528,0.171429363,0.080383235,0.005126319,0.012555554,1
0.738641695,0.164216764,0.082106425,0.006901417,0.008133698,1
0.75161718,0.142322009,0.08730832,0.00629773,0.01245476,1
0.756408504,0.132083881,0.091221536,0.008203124,0.012082954,1
0.763311443,0.122375001,0.093475869,0.012355572,0.008482115,1
0.756745397,0.124785442,0.092151868,0.014285915,0.012031378,1
0.760895698,0.122534134,0.096911912,0.009152775,0.01050548,1
0.660116787,0.17704452,0.11118907,0.028039671,0.023609952,1
0.343072082,0.336328502,0.20621393,0.093127323,0.021258163,1
0.407081498,0.305836011,0.211072649,0.067088412,0.008921432,1
0.480864516,0.265547386,0.189223077,0.055446009,0.008919012,1
0.547602355,0.226391813,0.16687913100000001,0.049759132,0.009367569,1
0.587074975,0.205956526,0.151781095,0.047381965,0.007805439,1
0.61276673,0.191014409,0.138150164,0.047651151,0.010417546,1
0.676831865,0.151436578,0.132682948,0.029021799,0.01002681,1
0.725591999,0.129053598,0.116697806,0.020693064,0.007963533,1
0.744949797,0.108245566,0.107929036,0.030236567,0.008639034,1
0.746722516,0.106227189,0.105901114,0.036387693,0.004761487,1
0.726327638,0.122701666,0.104958046,0.038434988,0.007577662,1
0.701783073,0.14213397,0.100003477,0.040952119,0.01512736,1
0.69008472,0.154067035,0.095208478,0.042274404,0.018365362,1
0.68401501,0.155017601,0.096508272,0.039956566,0.024502552,1
0.68915127,0.157396441,0.093519707999999993,0.037940205,0.021992376,1
0.681406637,0.174055633,0.089284177,0.036952776,0.018300776,1
0.671538855,0.196400669,0.07935277,0.036508516,0.01619919,1
0.666267029,0.205967535,0.072259263,0.03852474,0.016981435,1
0.693294355,0.185799799,0.065506486,0.040044107,0.015355252,1
0.680653103,0.208159322,0.062471815,0.033377007,0.015338752,1
0.688254246,0.211581371,0.057357659,0.0277657,0.015041024,1
0.673888202,0.229872509,0.054168464,0.028330198,0.013740628,1
0.690481593,0.221566109,0.049202534,0.026351628,0.012398137,1
0.699785181,0.214757525,0.045629394,0.027385382,0.012442517,1
0.709914742,0.209047977,0.048214522,0.019092661,0.013730098,1
0.711324342,0.227585479,0.045339011,0.00843439,0.007316778,1
0.710018992,0.214924134,0.048712134,0.011826678,0.014518062,1
0.720021533,0.212758727,0.041672392,0.015058751,0.010488597,1
0.743044512,0.193413857,0.038967333,0.010053107,0.01452119,1
0.727285037,0.198529556,0.047988032,0.015927731,0.010269643,1
0.749369037,0.161951517,0.056221795,0.020096216,0.012361434,1
0.760794237,0.141050516,0.064529402,0.023074814,0.01055103,1
0.756446913,0.139531959,0.073144508,0.017934777,0.012941844,1
0.740777626,0.125114803,0.085426603,0.035425565,0.013255403,1
0.263993544,0.367938505,0.252131751,0.086838271,0.029097929,1
0.326725062,0.321081748,0.270928626,0.065001047,0.016263518,1
0.416710024,0.251389543,0.255067879,0.058728971,0.018103583,1
0.491910322,0.207777807,0.227016174,0.058305494,0.014990204,1
0.54601203,0.185234454,0.202209438,0.055492231,0.011051847,1
0.58540476,0.166600507,0.18283744,0.055560634,0.00959666,1
0.631474285,0.132393723,0.165563977,0.06173404,0.008833975,1
0.666878292,0.106260051,0.150711259,0.065538857,0.010611541,1
0.675199838,0.107920536,0.136689756,0.070586265,0.009603604,1
0.663343827,0.13142991,0.126319055,0.070637561,0.008269647,1
0.652495318,0.150871502,0.124366775,0.06548178,0.006784625,1
0.651617547,0.157004302,0.120220757,0.063210289,0.007947104,1
0.644415676,0.161637086,0.120667429,0.059827895,0.013451915,1
0.648862244,0.157886733,0.119071469,0.057649928,0.016529626,1
0.656242044,0.159709695,0.117206871,0.054773208,0.012068183,1
0.652391914,0.170853217,0.110186293,0.051267651,0.015300926,1
0.656600698,0.178874963,0.104811078,0.045514102,0.014199159,1
0.668704609,0.181099579,0.09683503,0.040197479,0.013163303,1
0.678940545,0.172506578,0.094300641,0.041070878,0.013181357,1
0.679742443,0.174289613,0.090715487,0.042898638,0.012353819,1
0.677809313,0.183504039,0.0869639,0.038124302,0.013598446,1
0.673666081,0.187670647,0.08995215,0.034272984,0.014438138,1
0.677212009,0.195042703,0.09110043,0.027669307,0.00897555,1
0.683229259,0.185349419,0.096982663,0.025031997,0.009406662,1
0.690676573,0.182371953,0.097316937,0.020929889,0.008704648,1
0.68752734,0.187648849,0.099262485,0.017612902,0.007948423,1
0.699346398,0.178864062,0.099681419,0.012687289,0.009420833,1
0.716473738,0.164270578,0.103843877,0.005688322,0.009723485,1
0.719581552,0.149216265,0.111184612,0.008067895,0.011949676,1
0.735950379,0.133962339,0.111553927,0.010146007,0.008387349,1
0.730239008,0.135037235,0.115786308,0.011718467,0.007218981,1
0.734157086,0.120684286,0.122503165,0.012208077,0.010447386,1
0.49780547000000003,0.142895201,0.163418972,0.061999066,0.133881291,1
0.42263361,0.307113967,0.176813332,0.08023764,0.013201451,1
0.465931107,0.298749348,0.167186679,0.058580572,0.009552293,1
0.534127908,0.259513156,0.150514739,0.05025899,0.005585207,1
0.577871313,0.225723762,0.129286437,0.056090963,0.011027524,1
0.59126635,0.20680425,0.136128251,0.063100776,0.002700373,1
0.616235866,0.183218149,0.12684067,0.065421583,0.008283732,1
0.678182304,0.141016173,0.105630017,0.060451808,0.014719697,1
0.721049337,0.139644427,0.083757141,0.041029948,0.014519146,1
0.73436962,0.126948246,0.082146089,0.045024485,0.011511561,1
0.743925334,0.117829772,0.08391151,0.04976196,0.004571423,1
0.71534006000000006,0.143440209,0.084446842,0.051862252,0.004910637,1
0.695391907,0.161090942,0.081867506,0.052807832,0.008841813,1
0.680154526,0.169931616,0.079841333,0.054836289,0.015236235,1
0.678760649,0.166742915,0.076428163,0.059849066,0.018219207,1
0.67745753,0.170992883,0.071356459,0.067348323,0.012844805,1
0.665467352,0.184655226,0.061296391,0.070964413,0.017616619,1
0.665095776,0.19688851,0.049211112,0.07320925,0.015595352,1
0.676042825,0.189616454,0.045008269,0.075413285,0.013919168,1
0.669346219,0.190875357,0.048639171,0.074779009,0.016360244,1
0.654308963,0.207782932,0.056871085,0.070362661,0.010674359,1
0.642874618,0.216072045,0.057732215,0.069234193,0.01408693,1
0.630752847,0.231673535,0.060358389,0.064669822,0.012545407,1
0.62468171,0.232077008,0.073553506,0.061474725,0.008213051,1
0.630595207,0.232463041,0.072191433,0.053601129,0.011149191,1
0.63487862,0.235750594,0.076237568,0.049562213,0.003571006,1
0.633672542,0.231761846,0.082737057,0.041582607,0.010245948,1
0.626288882,0.23291877,0.089841267,0.040334704,0.010616377,1
0.63401668,0.218870815,0.09990446,0.03587835,0.011329694,1
0.645967477,0.194905658,0.10897968,0.03522147,0.014925715,1
0.659012201,0.185729456,0.116084029,0.029532208,0.009642105,1
0.694619382,0.118003124,0.118238628,0.027198868,0.041939997,1
0.356927103,0.346371061,0.170632315,0.094141836,0.031927685,1
0.432402818,0.310306772,0.175090875,0.070700462,0.011499074,1
0.507985562,0.263203531,0.15922262,0.055926755,0.013661531,1
0.56637965,0.227459113,0.1442814,0.047920174,0.013959663,1
0.602029957,0.208033074,0.13497499,0.044183375,0.010778604,1
0.618558648,0.197364797,0.132768618,0.040582832,0.010725104,1
0.67581121,0.161860747,0.126185029,0.027126312,0.009016702,1
0.720776544,0.130210424,0.116197169,0.022288643,0.01052722,1
0.735120003,0.113194977,0.109311054,0.033474095,0.008899872,1
0.737148559,0.108135729,0.108787276,0.043249158,0.002679277,1
0.715853021,0.121553836,0.109200239,0.045457937,0.007934966,1
0.69985445,0.139276129,0.105570995,0.04597858,0.009319846,1
0.685911154,0.146597378,0.105234588,0.046473894,0.015782986,1
0.684615614,0.146650892,0.106136406,0.043406834,0.019190254,1
0.688956557,0.146242609,0.106978332,0.042142607,0.015679895,1
0.685536812,0.155339886,0.102664236,0.041975311,0.014483756,1
0.673841465,0.17166885,0.097069688,0.044331986,0.013088012,1
0.678556038,0.175064257,0.08866657,0.043391129,0.014322007,1
0.688797116,0.175566338,0.081792999,0.03831453,0.015529018,1
0.699915526,0.173241301,0.079511248,0.034843998,0.012487927,1
0.691969724,0.185259607,0.075498543,0.033225329,0.014046797,1
0.676432067,0.206697638,0.071013657,0.032646909,0.013209728,1
0.683339053,0.204120679,0.069887441,0.031099203,0.011553624,1
0.680196856,0.213299818,0.068042192,0.025764247,0.012696887,1
0.700478053,0.211751457,0.060541141,0.017013031,0.010216317,1
0.70054686,0.212926345,0.061908861,0.01630145,0.008316484,1
0.677242224,0.219421523,0.070579799,0.016636662,0.016119794,1
0.705038336,0.194390121,0.063488993,0.01558256,0.02149999,1
0.685653714,0.173148231,0.055927169,0.030958999,0.054311887,1
0.729448685,0.177178323,0.070166797,0.01231246,0.010893735,1
0.758154881,0.119521739,0.083572523,0.022414661,0.016336196,1
0.221255353,0.404463258,0.20382333,0.078795645,0.091662414,1
0.270827951,0.370297431,0.277387293,0.06775632,0.013731005,1
0.343526999,0.293041453,0.278822123,0.069067735,0.01554169,1
0.41166966,0.257665123,0.251383799,0.063833065,0.015448353,1
0.457483491,0.254930509,0.214364068,0.059999089,0.013222843,1
0.502814794,0.240746842,0.187183078,0.058835041,0.010420245,1
0.546777116,0.224749512,0.162002125,0.055926917,0.010544329,1
0.564620247,0.230122078,0.137968543,0.054334386,0.012954746,1
0.574564869,0.242089206,0.116884694,0.055714999,0.010746232999999999,1
0.578576173,0.25474368,0.107255351,0.051516894,0.007907902,1
0.583825669,0.261199548,0.104470565,0.045019357,0.005484862,1
0.607366524,0.248065261,0.102994767,0.038398634,0.003174813,1
0.617344626,0.235332954,0.103656357,0.035171056,0.008495008,1
0.620265285,0.233221265,0.106053858,0.030982468,0.009477123,1
0.62590029,0.225606605,0.106798464,0.030290334,0.011404307,1
0.622389583,0.230981071,0.103177655,0.03162453,0.011827161,1
0.627374017,0.2315208,0.097442506,0.033005687,0.010656989,1
0.644914691,0.215598938,0.093051829,0.029716162,0.016718379,1
0.64753647,0.224248743,0.083956512,0.029328366,0.014929909,1
0.650010697,0.227718596,0.083732735,0.024438039,0.014099933,1
0.644024151,0.237772305,0.082886326,0.019415185,0.015902032,1
0.657684882,0.230437736,0.079728121,0.018246897,0.013902363,1
0.665641663,0.22017910500000001,0.083057741,0.014805961,0.016315528,1
0.684131829,0.211156023,0.082630061,0.010739814,0.011342273,1
0.694736431,0.205702542,0.084052694,0.003861412,0.011646921,1
0.696544236,0.205300633,0.089427977,0.004371422,0.004355731,1
0.702915452,0.199429337,0.081808651,0.006017656,0.009828903,1
0.722175506,0.172297122,0.091539667,0.006925049,0.007062656,1
0.7265356,0.166299504,0.088245627,0.007425511,0.011493759,1
0.715753212,0.169294708,0.097811028,0.010132823,0.007008228,1
0.709319412,0.17051161,0.101641578,0.007721432,0.010805967,1
0.710606988,0.168460056,0.098293102,0.012142534,0.01049732,1
0.675307013,0.184965742,0.093790728,0.031463613,0.014472903,1
0.350644934,0.35259651,0.239623848,0.045442587,0.011692121,1
0.313984933,0.358587876,0.2558087,0.059822016,0.011796475,1
0.312851938,0.365802811,0.244311484,0.059282808,0.017750959,1
0.312019854,0.386115679,0.2209595,0.058623565,0.022281402,1
0.33558983,0.391995702,0.200072679,0.053658998,0.018682791,1
0.365183551,0.386299354,0.186010471,0.048350487,0.014156137,1
0.381671906,0.385947857,0.164316248,0.050341557,0.017722433,1
0.393819062,0.397156239,0.144894005,0.048797692,0.015333001,1
0.405049703,0.401999716,0.133536556,0.04525325,0.014160774,1
0.435456684,0.385669129,0.132349823,0.038764624,0.00775974,1
0.459089879,0.373682028,0.130972608,0.033000731,0.003254754,1
0.473592893,0.364494925,0.131499526,0.025891546,0.00452111,1
0.484157368,0.35983742,0.129368357,0.017827408,0.008809447,1
0.503501633,0.345246296,0.124650269,0.01658174,0.010020062,1
0.509280578,0.334321824,0.123725757,0.024268874,0.008402968,1
0.515951649,0.329165662,0.118092278,0.023492344,0.013298067,1
0.529024786,0.326872526,0.110621665,0.019203407,0.014277616,1
0.538428649,0.327661426,0.102775755,0.016858443,0.014275728,1
0.561912799,0.309902955,0.100850009,0.01715026,0.010183978,1
0.571953473,0.299193568,0.096730014,0.017874316,0.014248628,1
0.586124957,0.290557749,0.090541764,0.017464087,0.015311444,1
0.599803105,0.279402739,0.091303917,0.014488045,0.015002193,1
0.616255282,0.269895161,0.086613496,0.012703506,0.014532554,1
0.628895598,0.261852254,0.087818222,0.011473146,0.009960781,1
0.633690185,0.258642955,0.087485962,0.011966457,0.008214441,1
0.638151596,0.25261274,0.082699679,0.017371599,0.009164387,1
0.643161262,0.243242125,0.085417988,0.0180296,0.010149025,1
0.646162859,0.241120273,0.085520064,0.016447633,0.010749171,1
0.649500399,0.241595656,0.084583675,0.016825004,0.007495266,1
0.637450793,0.242361326,0.092906454,0.017916186,0.009365241,1
0.640677214,0.240305103,0.089057851,0.020402358,0.009557474,1
0.646406627,0.227120043,0.093830737,0.021133794,0.011508799,1
0.654368956,0.22999259,0.090209145,0.017113659,0.008315649,1
0.264182342,0.415602237,0.186351472,0.052168721,0.081695228,1
0.28396249,0.388648291,0.267403561,0.048964721,0.011020937,1
0.292060919,0.353475416,0.283478907,0.058325859,0.012658899,1
0.307488109,0.356641967,0.261645368,0.060184513,0.014040043,1
0.326227696,0.373656409,0.227169085,0.059935971,0.013010839,1
0.365676558,0.358321661,0.197986515,0.059546062,0.018469205,1
0.403408968,0.343206192,0.174721681,0.055211029,0.02345213,1
0.432164201,0.340903919,0.148677911,0.049911837,0.028342132,1
0.4524656,0.347234478,0.134971685,0.041507845,0.023820392,1
0.472795036,0.348121112,0.127429747,0.034885079,0.016769027,1
0.497510768,0.33954843,0.122920904,0.026079333,0.013940565,1
0.524253908,0.32392111,0.121731368,0.018399143,0.011694471,1
0.54714907,0.307869642,0.121650042,0.013826488,0.009504759,1
0.559880207,0.296136508,0.122725342,0.012467511,0.008790433,1
0.558998997,0.294372914,0.121907959,0.013116972,0.011603159,1
0.560709303,0.279793313,0.12574516,0.019757008,0.013995216,1
0.575907706,0.272570397,0.120720651,0.017944503,0.012856743,1
0.579971609,0.274360885,0.114868178,0.015331609,0.015467719,1
0.591249968,0.268957994,0.110493741,0.012540509,0.016757788,1
0.606553002,0.262146573,0.108112364,0.008911425,0.014276637,1
0.609176181,0.258828402,0.107226251,0.005448603,0.019320562,1
0.610100111,0.253691187,0.111099933,0.007575633,0.017533135,1
